device_time_stamp,system_time_stamp,left_gaze_point_on_display_area,left_gaze_point_in_user_coordinate_system,left_gaze_point_validity,left_pupil_diameter,left_pupil_validity,left_gaze_origin_in_user_coordinate_system,left_gaze_origin_validity,right_gaze_point_on_display_area,right_gaze_point_in_user_coordinate_system,right_gaze_point_validity,right_pupil_diameter,right_pupil_validity,right_gaze_origin_in_user_coordinate_system,right_gaze_origin_validity
6158334437,6120166321,"(0.42015179991722107, 0.4847545623779297)","(-43.097679138183594, 160.95693969726562, 51.746578216552734)",1,4.19732666015625,1,"(-86.12648010253906, -156.29212951660156, 761.9840698242188)",1,"(0.43151065707206726, 0.4629287123680115)","(-36.812835693359375, 167.3402099609375, 54.06972885131836)",1,4.790802001953125,1,"(-24.2570858001709, -173.0486602783203, 769.9676513671875)",1
6158351675,6120183559,"(nan, nan)","(nan, nan, nan)",0,nan,0,"(nan, nan, nan)",0,"(0.4293060004711151, 0.4656272530555725)","(-38.032676696777344, 166.55099487304688, 53.78247833251953)",1,4.791656494140625,1,"(-24.267221450805664, -173.04022216796875, 769.9210205078125)",1
6158368315,6120200199,"(0.4256706237792969, 0.46914756298065186)","(-40.04412841796875, 165.52139282226562, 53.407798767089844)",1,4.174652099609375,1,"(-86.24221801757812, -156.248291015625, 761.7674560546875)",1,"(nan, nan)","(nan, nan, nan)",0,nan,0,"(nan, nan, nan)",0
6158384357,6120216241,"(0.41694334149360657, 0.47108328342437744)","(-44.8729248046875, 164.9552764892578, 53.20172882080078)",1,4.18292236328125,1,"(-86.38111114501953, -156.2963104248047, 761.9174194335938)",1,"(0.4407626688480377, 0.47418472170829773)","(-31.693675994873047, 164.04824829101562, 52.87157440185547)",1,4.853515625,1,"(-24.546419143676758, -173.04409790039062, 769.9285888671875)",1
6158401595,6120233479,"(nan, nan)","(nan, nan, nan)",0,nan,0,"(nan, nan, nan)",0,"(0.4275977909564972, 0.44241464138031006)","(-38.97780990600586, 173.33978271484375, 56.25342559814453)",1,4.7598876953125,1,"(-24.563579559326172, -173.0453338623047, 769.9334106445312)",1
6158418235,6120250119,"(0.423919141292572, 0.4777529537677765)","(-41.013214111328125, 163.00460815429688, 52.49186706542969)",1,4.210296630859375,1,"(-86.53575897216797, -156.34263610839844, 761.9317016601562)",1,"(nan, nan)","(nan, nan, nan)",0,nan,0,"(nan, nan, nan)",0
6158434277,6120266161,"(0.423452228307724, 0.4821549952030182)","(-41.27155685424805, 161.7172393798828, 52.0232048034668)",1,4.22332763671875,1,"(-86.56855010986328, -156.3225860595703, 761.7515869140625)",1,"(0.42462924122810364, 0.4662095308303833)","(-40.620304107666016, 166.38067626953125, 53.72054672241211)",1,4.830291748046875,1,"(-24.71276092529297, -172.99923706054688, 769.795654296875)",1
6158451515,6120283399,"(nan, nan)","(nan, nan, nan)",0,nan,0,"(nan, nan, nan)",0,"(0.4305119216442108, 0.45545610785484314)","(-37.365394592285156, 169.52561950683594, 54.86520767211914)",1,4.816802978515625,1,"(-24.714279174804688, -172.98269653320312, 769.7377319335938)",1
6158468155,6120300040,"(nan, nan)","(nan, nan, nan)",0,nan,0,"(nan, nan, nan)",0,"(nan, nan)","(nan, nan, nan)",0,nan,0,"(nan, nan, nan)",0
6158484197,6120316082,"(0.4261261820793152, 0.4708583652973175)","(-39.792049407958984, 165.0210723876953, 53.22564697265625)",1,4.1986083984375,1,"(-86.57598114013672, -156.11888122558594, 760.8268432617188)",1,"(0.4311031997203827, 0.4672204852104187)","(-37.03826141357422, 166.08499145507812, 53.61293411254883)",1,4.80902099609375,1,"(-24.793949127197266, -172.66061401367188, 768.8851928710938)",1
6158501435,6120333320,"(nan, nan)","(nan, nan, nan)",0,nan,0,"(nan, nan, nan)",0,"(0.4300113022327423, 0.4765276312828064)","(-37.64240264892578, 163.3629913330078, 52.62221145629883)",1,4.8082275390625,1,"(-24.804763793945312, -172.6536407470703, 768.8663940429688)",1
6158518075,6120349960,"(nan, nan)","(nan, nan, nan)",0,nan,0,"(nan, nan, nan)",0,"(nan, nan)","(nan, nan, nan)",0,nan,0,"(nan, nan, nan)",0
6158534117,6120366002,"(0.4220394790172577, 0.4708006978034973)","(-42.053218841552734, 165.0379180908203, 53.2318115234375)",1,4.188079833984375,1,"(-86.71590423583984, -156.1113739013672, 760.6780395507812)",1,"(0.43680158257484436, 0.47612884640693665)","(-33.88534927368164, 163.47962951660156, 52.66469192504883)",1,4.83837890625,1,"(-24.95159149169922, -172.6079559326172, 768.7450561523438)",1
6158551355,6120383240,"(nan, nan)","(nan, nan, nan)",0,nan,0,"(nan, nan, nan)",0,"(0.4277592897415161, 0.4840507507324219)","(-38.88846969604492, 161.1627655029297, 51.8214225769043)",1,4.8099517822265625,1,"(-24.95400047302246, -172.59188842773438, 768.7024536132812)",1
6158567995,6120399880,"(nan, nan)","(nan, nan, nan)",0,nan,0,"(nan, nan, nan)",0,"(nan, nan)","(nan, nan, nan)",0,nan,0,"(nan, nan, nan)",0
6158584037,6120415922,"(0.41901275515556335, 0.47116369009017944)","(-43.72789001464844, 164.93174743652344, 53.1932373046875)",1,4.205169677734375,1,"(-86.7791748046875, -156.0382537841797, 760.8353881835938)",1,"(0.4248965084552765, 0.4425961971282959)","(-40.47241973876953, 173.28665161132812, 56.234153747558594)",1,4.760284423828125,1,"(-25.040424346923828, -172.517578125, 768.8327026367188)",1
6158601275,6120433160,"(nan, nan)","(nan, nan, nan)",0,nan,0,"(nan, nan, nan)",0,"(0.4309690594673157, 0.4748426377773285)","(-37.112491607666016, 163.85580444335938, 52.80159378051758)",1,4.8224029541015625,1,"(-25.04143714904785, -172.52371215820312, 768.8843383789062)",1
6158617915,6120449800,"(nan, nan)","(nan, nan, nan)",0,nan,0,"(nan, nan, nan)",0,"(nan, nan)","(nan, nan, nan)",0,nan,0,"(nan, nan, nan)",0
6158633957,6120465842,"(0.4240284860134125, 0.4648851752281189)","(-40.95270538330078, 166.7679901123047, 53.86151123046875)",1,4.2011566162109375,1,"(-86.8145523071289, -156.09291076660156, 761.4588623046875)",1,"(0.4305308163166046, 0.4688256084918976)","(-37.354957580566406, 165.6155548095703, 53.44207000732422)",1,4.816741943359375,1,"(-25.013227462768555, -172.51695251464844, 769.5099487304688)",1
6158651195,6120483080,"(nan, nan)","(nan, nan, nan)",0,nan,0,"(nan, nan, nan)",0,"(0.42651909589767456, 0.44655120372772217)","(-39.57463836669922, 172.1299591064453, 55.813133239746094)",1,4.7838134765625,1,"(-25.01304054260254, -172.50753784179688, 769.4994506835938)",1
6158667835,6120499720,"(nan, nan)","(nan, nan, nan)",0,nan,0,"(nan, nan, nan)",0,"(nan, nan)","(nan, nan, nan)",0,nan,0,"(nan, nan, nan)",0
6158683877,6120515762,"(0.4206216633319855, 0.46475550532341003)","(-42.83769989013672, 166.805908203125, 53.87530517578125)",1,4.173797607421875,1,"(-86.82573699951172, -156.103515625, 761.4850463867188)",1,"(0.43875792622566223, 0.4735873341560364)","(-32.80290222167969, 164.22293090820312, 52.93520736694336)",1,4.8455657958984375,1,"(-25.05291748046875, -172.4842071533203, 769.5104370117188)",1
6158701115,6120533000,"(nan, nan)","(nan, nan, nan)",0,nan,0,"(nan, nan, nan)",0,"(nan, nan)","(nan, nan, nan)",0,nan,0,"(nan, nan, nan)",0
6158717755,6120549640,"(0.4213564395904541, 0.45029833912849426)","(-42.431175231933594, 171.03404235839844, 55.414337158203125)",1,4.150177001953125,1,"(-86.83993530273438, -156.1250762939453, 761.6005249023438)",1,"(nan, nan)","(nan, nan, nan)",0,nan,0,"(nan, nan, nan)",0
6158733797,6120565682,"(0.4162370562553406, 0.46329236030578613)","(-45.26370620727539, 167.2338104248047, 54.031089782714844)",1,4.1331634521484375,1,"(-86.81999206542969, -156.12892150878906, 761.7841796875)",1,"(0.4308271110057831, 0.4639214873313904)","(-37.191001892089844, 167.0498046875, 53.964111328125)",1,4.7341156005859375,1,"(-25.029895782470703, -172.4986572265625, 769.7954711914062)",1
6158751035,6120582920,"(nan, nan)","(nan, nan, nan)",0,nan,0,"(nan, nan, nan)",0,"(0.4315544664859772, 0.4585079252719879)","(-36.78858184814453, 168.63308715820312, 54.540374755859375)",1,4.725311279296875,1,"(-25.026159286499023, -172.4943084716797, 769.8167114257812)",1
6158767675,6120599561,"(nan, nan)","(nan, nan, nan)",0,nan,0,"(nan, nan, nan)",0,"(nan, nan)","(nan, nan, nan)",0,nan,0,"(nan, nan, nan)",0
6158783717,6120615603,"(0.4187990427017212, 0.48020344972610474)","(-43.846168518066406, 162.28794860839844, 52.23095703125)",1,4.06793212890625,1,"(-86.62409973144531, -155.96044921875, 761.3714599609375)",1,"(0.4274458885192871, 0.4759431779384613)","(-39.061866760253906, 163.53392028808594, 52.684471130371094)",1,4.66534423828125,1,"(-24.866413116455078, -172.2568817138672, 769.3952026367188)",1
6158800955,6120632841,"(nan, nan)","(nan, nan, nan)",0,nan,0,"(nan, nan, nan)",0,"(0.4268462359905243, 0.4697807729244232)","(-39.393653869628906, 165.336181640625, 53.3404426574707)",1,4.6616058349609375,1,"(-24.85641098022461, -172.2328338623047, 769.3395385742188)",1
6158817595,6120649481,"(nan, nan)","(nan, nan, nan)",0,nan,0,"(nan, nan, nan)",0,"(nan, nan)","(nan, nan, nan)",0,nan,0,"(nan, nan, nan)",0
6158833637,6120665523,"(0.455705851316452, 0.4964788258075714)","(-23.425617218017578, 157.52806091308594, 50.4984130859375)",1,3.9627227783203125,1,"(-86.49089813232422, -155.82093811035156, 761.1170043945312)",1,"(0.4734252095222473, 0.5041112899780273)","(-13.621500968933105, 155.29586791992188, 49.68597412109375)",1,4.557861328125,1,"(-24.77517318725586, -172.06967163085938, 769.0845947265625)",1
6158850875,6120682761,"(nan, nan)","(nan, nan, nan)",0,nan,0,"(nan, nan, nan)",0,"(0.4771156311035156, 0.5150701999664307)","(-11.579575538635254, 152.09078979492188, 48.519432067871094)",1,4.6180267333984375,1,"(-24.73931121826172, -172.04052734375, 768.9407348632812)",1
6158867515,6120699401,"(0.5392420291900635, 0.5048646330833435)","(22.795000076293945, 155.0754852294922, 49.60588836669922)",1,3.956878662109375,1,"(-86.11002349853516, -155.7635955810547, 760.39111328125)",1,"(nan, nan)","(nan, nan, nan)",0,nan,0,"(nan, nan, nan)",0
6158883557,6120715443,"(0.5359637141227722, 0.5013145804405212)","(20.9810733795166, 156.11375427246094, 49.98371887207031)",1,3.9321136474609375,1,"(-86.29037475585938, -156.06068420410156, 761.4691162109375)",1,"(0.5545960664749146, 0.5045748949050903)","(31.290372848510742, 155.16024780273438, 49.63669967651367)",1,4.4788665771484375,1,"(-24.58397674560547, -172.25677490234375, 769.502197265625)",1
6158900795,6120732681,"(nan, nan)","(nan, nan, nan)",0,nan,0,"(nan, nan, nan)",0,"(0.5598439574241638, 0.5010365843772888)","(34.194061279296875, 156.195068359375, 50.013343811035156)",1,4.481048583984375,1,"(-24.58888816833496, -172.2677001953125, 769.4981079101562)",1
6158917435,6120749321,"(0.5390892028808594, 0.49684271216392517)","(22.71039581298828, 157.421630859375, 50.45974349975586)",1,3.876953125,1,"(-86.37809753417969, -156.21827697753906, 761.8855590820312)",1,"(nan, nan)","(nan, nan, nan)",0,nan,0,"(nan, nan, nan)",0
6158933477,6120765363,"(0.5383569598197937, 0.5064074397087097)","(22.30523109436035, 154.6243133544922, 49.44157791137695)",1,3.860198974609375,1,"(-86.4027328491211, -156.3428192138672, 762.0990600585938)",1,"(0.5548751354217529, 0.5057177543640137)","(31.44478988647461, 154.82598876953125, 49.51503372192383)",1,4.4300384521484375,1,"(-24.612302780151367, -172.61236572265625, 770.05224609375)",1
6158950715,6120782601,"(nan, nan)","(nan, nan, nan)",0,nan,0,"(nan, nan, nan)",0,"(0.562035083770752, 0.5024327635765076)","(35.4063835144043, 155.78671264648438, 49.864723205566406)",1,4.4131927490234375,1,"(-24.61494255065918, -172.6407928466797, 770.105224609375)",1
6158967355,6120799241,"(0.5413386821746826, 0.5094258189201355)","(23.95506477355957, 153.7415008544922, 49.120361328125)",1,3.852874755859375,1,"(-86.46142578125, -156.50172424316406, 762.5197143554688)",1,"(nan, nan)","(nan, nan, nan)",0,nan,0,"(nan, nan, nan)",0
6158983397,6120815283,"(0.5431589484214783, 0.5112702250480652)","(24.96219825744629, 153.2021026611328, 48.92399597167969)",1,3.8299407958984375,1,"(-86.51703643798828, -156.52716064453125, 762.49951171875)",1,"(0.5612484216690063, 0.4720176160335541)","(34.971107482910156, 164.68203735351562, 53.10228729248047)",1,4.32391357421875,1,"(-24.678720474243164, -172.8766326904297, 770.4683227539062)",1
6159000635,6120832521,"(nan, nan)","(nan, nan, nan)",0,nan,0,"(nan, nan, nan)",0,"(0.564246654510498, 0.48211127519607544)","(36.63006591796875, 161.73001098632812, 52.02784729003906)",1,4.34429931640625,1,"(-24.692258834838867, -172.8769073486328, 770.449462890625)",1
6159017275,6120849161,"(nan, nan)","(nan, nan, nan)",0,nan,0,"(nan, nan, nan)",0,"(nan, nan)","(nan, nan, nan)",0,nan,0,"(nan, nan, nan)",0
6159033317,6120865203,"(0.537630558013916, 0.49579137563705444)","(21.903343200683594, 157.7290802001953, 50.57171630859375)",1,3.7305450439453125,1,"(-86.61738586425781, -156.38330078125, 761.75732421875)",1,"(0.5650960206985474, 0.5009815096855164)","(37.100013732910156, 156.21121215820312, 50.0191650390625)",1,4.2971343994140625,1,"(-24.8474178314209, -172.7455291748047, 769.7371826171875)",1
6159050555,6120882441,"(nan, nan)","(nan, nan, nan)",0,nan,0,"(nan, nan, nan)",0,"(0.5652039647102356, 0.5006431341171265)","(37.15970230102539, 156.31015014648438, 50.0551872253418)",1,4.2784881591796875,1,"(-24.865867614746094, -172.75291442871094, 769.7830810546875)",1
6159067195,6120899081,"(0.5431932210922241, 0.4462633728981018)","(24.98114013671875, 172.2141571044922, 55.84379959106445)",1,3.674774169921875,1,"(-86.75178527832031, -156.4596710205078, 762.6030883789062)",1,"(nan, nan)","(nan, nan, nan)",0,nan,0,"(nan, nan, nan)",0
6159083237,6120915124,"(0.5526233911514282, 0.4576050639152527)","(30.198888778686523, 168.8971405029297, 54.63645553588867)",1,3.6728973388671875,1,"(-86.89118194580078, -156.48541259765625, 762.8056640625)",1,"(0.5715606212615967, 0.4597671926021576)","(40.67685317993164, 168.2648162841797, 54.40630340576172)",1,4.2528076171875,1,"(-25.05194091796875, -172.87237548828125, 770.8173217773438)",1
6159100475,6120932362,"(nan, nan)","(nan, nan, nan)",0,nan,0,"(nan, nan, nan)",0,"(0.5702889561653137, 0.46508437395095825)","(39.973236083984375, 166.70974731445312, 53.84030532836914)",1,4.2677001953125,1,"(-25.05709457397461, -172.85206604003906, 770.7553100585938)",1
6159117115,6120949002,"(0.5452228784561157, 0.46803921461105347)","(26.104122161865234, 165.8455352783203, 53.52582931518555)",1,3.6737518310546875,1,"(-86.94041442871094, -156.3897705078125, 762.3436889648438)",1,"(nan, nan)","(nan, nan, nan)",0,nan,0,"(nan, nan, nan)",0
6159133157,6120965044,"(0.5468003749847412, 0.466938316822052)","(26.977001190185547, 166.1675262451172, 53.642974853515625)",1,3.652862548828125,1,"(-87.06549072265625, -156.45965576171875, 762.3495483398438)",1,"(0.5733892321586609, 0.4592115581035614)","(41.68861389160156, 168.4272918701172, 54.46550750732422)",1,4.2070159912109375,1,"(-25.23232650756836, -172.75616455078125, 770.3734130859375)",1
6159150395,6120982282,"(nan, nan)","(nan, nan, nan)",0,nan,0,"(nan, nan, nan)",0,"(0.575151264667511, 0.4559252858161926)","(42.66352462768555, 169.38841247558594, 54.81532669067383)",1,4.198486328125,1,"(-25.243207931518555, -172.7567901611328, 770.3630981445312)",1
6159167035,6120998922,"(nan, nan)","(nan, nan, nan)",0,nan,0,"(nan, nan, nan)",0,"(nan, nan)","(nan, nan, nan)",0,nan,0,"(nan, nan, nan)",0
6159183077,6121014964,"(0.5475165247917175, 0.4621611535549164)","(27.373260498046875, 167.56463623046875, 54.15155029296875)",1,3.608856201171875,1,"(-87.29901885986328, -156.54415893554688, 762.2533569335938)",1,"(0.5683112144470215, 0.44919517636299133)","(38.87898635864258, 171.35670471191406, 55.53164291381836)",1,4.1095428466796875,1,"(-25.427515029907227, -172.7236328125, 770.2952270507812)",1
6159200315,6121032202,"(nan, nan)","(nan, nan, nan)",0,nan,0,"(nan, nan, nan)",0,"(0.5687209963798523, 0.4646086096763611)","(39.10567855834961, 166.848876953125, 53.89092254638672)",1,4.1521453857421875,1,"(-25.43472671508789, -172.7198944091797, 770.2660522460938)",1
6159216955,6121048842,"(nan, nan)","(nan, nan, nan)",0,nan,0,"(nan, nan, nan)",0,"(nan, nan)","(nan, nan, nan)",0,nan,0,"(nan, nan, nan)",0
6159232997,6121064884,"(0.44230979681015015, 0.6388403177261353)","(-30.837627410888672, 115.89277648925781, 35.34442138671875)",1,3.5988616943359375,1,"(-87.45951080322266, -156.5821990966797, 760.9292602539062)",1,"(0.4677277207374573, 0.6372305750846863)","(-16.77391242980957, 116.36353302001953, 35.51576232910156)",1,4.153717041015625,1,"(-25.879600524902344, -172.66012573242188, 769.0482788085938)",1
6159250235,6121082122,"(nan, nan)","(nan, nan, nan)",0,nan,0,"(nan, nan, nan)",0,"(0.4601114094257355, 0.6437875628471375)","(-20.988039016723633, 114.4458999633789, 34.81779861450195)",1,4.128936767578125,1,"(-25.89876937866211, -172.65696716308594, 768.9716796875)",1
6159266875,6121098762,"(0.4256637692451477, 0.6576740145683289)","(-40.04790115356445, 110.38463592529297, 33.339698791503906)",1,3.58056640625,1,"(-87.66302490234375, -156.82415771484375, 762.0441284179688)",1,"(nan, nan)","(nan, nan, nan)",0,nan,0,"(nan, nan, nan)",0
6159282917,6121114804,"(0.42848241329193115, 0.6740255355834961)","(-38.48833465576172, 105.60240936279297, 31.599124908447266)",1,3.604583740234375,1,"(-87.60840606689453, -156.72569274902344, 761.4855346679688)",1,"(0.43790724873542786, 0.6546038389205933)","(-33.273590087890625, 111.28250122070312, 33.66650390625)",1,4.0856170654296875,1,"(-25.902219772338867, -172.86802673339844, 769.5164794921875)",1
6159300155,6121132042,"(nan, nan)","(nan, nan, nan)",0,nan,0,"(nan, nan, nan)",0,"(0.44182002544403076, 0.6584593057632446)","(-31.108652114868164, 110.15492248535156, 33.25608825683594)",1,4.10736083984375,1,"(-25.899974822998047, -172.8616485595703, 769.489501953125)",1
6159316795,6121148682,"(nan, nan)","(nan, nan, nan)",0,nan,0,"(nan, nan, nan)",0,"(nan, nan)","(nan, nan, nan)",0,nan,0,"(nan, nan, nan)",0
6159332837,6121164724,"(0.4258250594139099, 0.6738181710243225)","(-39.958641052246094, 105.66305541992188, 31.62115478515625)",1,3.5458984375,1,"(-87.6534194946289, -156.68887329101562, 761.3363647460938)",1,"(0.43717077374458313, 0.6583117842674255)","(-33.68109130859375, 110.19810485839844, 33.27174377441406)",1,4.069061279296875,1,"(-25.890525817871094, -172.7822265625, 769.3553466796875)",1
6159350075,6121181962,"(nan, nan)","(nan, nan, nan)",0,nan,0,"(nan, nan, nan)",0,"(0.4364444613456726, 0.6653746962547302)","(-34.08295440673828, 108.13246154785156, 32.51992416381836)",1,4.0765380859375,1,"(-25.888378143310547, -172.7784881591797, 769.3472900390625)",1
6159366715,6121198602,"(nan, nan)","(nan, nan, nan)",0,nan,0,"(nan, nan, nan)",0,"(nan, nan)","(nan, nan, nan)",0,nan,0,"(nan, nan, nan)",0
6159382757,6121214645,"(0.4292892813682556, 0.6631613969802856)","(-38.041893005371094, 108.77972412109375, 32.75555419921875)",1,3.5007781982421875,1,"(-87.53782653808594, -156.66015625, 761.2337036132812)",1,"(0.43715184926986694, 0.6547052264213562)","(-33.69155502319336, 111.25286865234375, 33.655609130859375)",1,4.0399169921875,1,"(-25.73040771484375, -172.75592041015625, 769.2482299804688)",1
6159399995,6121231883,"(nan, nan)","(nan, nan, nan)",0,nan,0,"(nan, nan, nan)",0,"(0.43270349502563477, 0.6521356701850891)","(-36.152835845947266, 112.00437927246094, 33.929134368896484)",1,4.0390472412109375,1,"(-25.71014404296875, -172.74229431152344, 769.1966552734375)",1
6159416635,6121248523,"(0.42063242197036743, 0.6627009510993958)","(-42.83176040649414, 108.91439819335938, 32.80459213256836)",1,3.5100860595703125,1,"(-87.32756042480469, -156.52972412109375, 760.7291259765625)",1,"(nan, nan)","(nan, nan, nan)",0,nan,0,"(nan, nan, nan)",0
6159432677,6121264565,"(0.43250784277915955, 0.6611953377723694)","(-36.261085510253906, 109.35477447509766, 32.96474838256836)",1,3.5230712890625,1,"(-87.22564697265625, -156.51109313964844, 760.7337646484375)",1,"(0.4381832778453827, 0.6659712791442871)","(-33.120853424072266, 107.95799255371094, 32.4564208984375)",1,4.015228271484375,1,"(-25.426837921142578, -172.5923309326172, 768.7202758789062)",1
6159449915,6121281803,"(nan, nan)","(nan, nan, nan)",0,nan,0,"(nan, nan, nan)",0,"(0.43939149379730225, 0.6674256324768066)","(-32.452354431152344, 107.53266143798828, 32.301612854003906)",1,4.0034332275390625,1,"(-25.427541732788086, -172.58839416503906, 768.7261352539062)",1
6159466555,6121298443,"(0.40097081661224365, 0.6506500244140625)","(-53.710533142089844, 112.43888854980469, 34.08731460571289)",1,3.4602508544921875,1,"(-87.17119598388672, -156.42877197265625, 760.4384155273438)",1,"(nan, nan)","(nan, nan, nan)",0,nan,0,"(nan, nan, nan)",0
6159482597,6121314485,"(0.39977312088012695, 0.6553477644920349)","(-54.37320327758789, 111.06494903564453, 33.58727264404297)",1,3.4709625244140625,1,"(-86.9985580444336, -156.18692016601562, 759.088134765625)",1,"(0.4081117808818817, 0.6592141389846802)","(-49.75942611694336, 109.93419647216797, 33.17571258544922)",1,3.971282958984375,1,"(-25.32747459411621, -172.22088623046875, 767.0323486328125)",1
6159499835,6121331723,"(nan, nan)","(nan, nan, nan)",0,nan,0,"(nan, nan, nan)",0,"(0.41109248995780945, 0.6628847122192383)","(-48.11021041870117, 108.86070251464844, 32.78499221801758)",1,3.9937591552734375,1,"(-25.321584701538086, -172.2006072998047, 766.905029296875)",1
6159516475,6121348363,"(0.4048783779144287, 0.6644949913024902)","(-51.54846954345703, 108.38972473144531, 32.613563537597656)",1,3.47021484375,1,"(-86.9270248413086, -156.07142639160156, 758.2628173828125)",1,"(nan, nan)","(nan, nan, nan)",0,nan,0,"(nan, nan, nan)",0
6159532517,6121364405,"(0.4029601514339447, 0.6435625553131104)","(-52.60982894897461, 114.51166534423828, 34.841819763183594)",1,3.4681854248046875,1,"(-86.92646789550781, -156.09449768066406, 757.8934936523438)",1,"(0.41281455755233765, 0.6515070199966431)","(-47.15740203857422, 112.18824005126953, 33.99617004394531)",1,3.9736175537109375,1,"(-25.308870315551758, -172.10813903808594, 765.8548583984375)",1
6159549755,6121381643,"(nan, nan)","(nan, nan, nan)",0,nan,0,"(nan, nan, nan)",0,"(nan, nan)","(nan, nan, nan)",0,nan,0,"(nan, nan, nan)",0
6159566395,6121398283,"(nan, nan)","(nan, nan, nan)",0,nan,0,"(nan, nan, nan)",0,"(nan, nan)","(nan, nan, nan)",0,nan,0,"(nan, nan, nan)",0
6159582437,6121414325,"(0.4049704670906067, 0.6639075875282288)","(-51.49751281738281, 108.56150817871094, 32.6761474609375)",1,3.507659912109375,1,"(-87.07978057861328, -156.25819396972656, 757.4415283203125)",1,"(0.4173004627227783, 0.6553107500076294)","(-44.67531204223633, 111.0757827758789, 33.59123611450195)",1,3.970184326171875,1,"(-25.43501091003418, -172.22244262695312, 765.4341430664062)",1
6159599675,6121431563,"(nan, nan)","(nan, nan, nan)",0,nan,0,"(nan, nan, nan)",0,"(0.4139557182788849, 0.6565436720848083)","(-46.525962829589844, 110.71519470214844, 33.45998764038086)",1,3.9562530517578125,1,"(-25.446672439575195, -172.23085021972656, 765.40966796875)",1
6159616315,6121448203,"(nan, nan)","(nan, nan, nan)",0,nan,0,"(nan, nan, nan)",0,"(nan, nan)","(nan, nan, nan)",0,nan,0,"(nan, nan, nan)",0
6159632357,6121464245,"(0.4006976783275604, 0.6606667637825012)","(-53.86164855957031, 109.50933837890625, 33.0211181640625)",1,3.5031890869140625,1,"(-87.3051528930664, -156.48484802246094, 756.984130859375)",1,"(0.4133584201335907, 0.6642060279846191)","(-46.85646057128906, 108.4742202758789, 32.644386291503906)",1,3.977508544921875,1,"(-25.646934509277344, -172.44570922851562, 764.9823608398438)",1
6159649595,6121481483,"(nan, nan)","(nan, nan, nan)",0,nan,0,"(nan, nan, nan)",0,"(0.41279137134552, 0.6565724015235901)","(-47.17019271850586, 110.70677185058594, 33.456966400146484)",1,3.948089599609375,1,"(-25.657623291015625, -172.45726013183594, 764.9561157226562)",1
6159666235,6121498123,"(nan, nan)","(nan, nan, nan)",0,nan,0,"(nan, nan, nan)",0,"(nan, nan)","(nan, nan, nan)",0,nan,0,"(nan, nan, nan)",0
6159682277,6121514165,"(0.40401288866996765, 0.6664295196533203)","(-52.027339935302734, 107.82394409179688, 32.40771484375)",1,3.52215576171875,1,"(-87.42850494384766, -156.67361450195312, 756.7435302734375)",1,"(0.4095163941383362, 0.6668670773506165)","(-48.98223876953125, 107.69597625732422, 32.36104965209961)",1,3.9457244873046875,1,"(-25.754121780395508, -172.67718505859375, 764.743408203125)",1
6159699515,6121531404,"(nan, nan)","(nan, nan, nan)",0,nan,0,"(nan, nan, nan)",0,"(0.4094586968421936, 0.6524612903594971)","(-49.0141716003418, 111.90913391113281, 33.89451599121094)",1,3.91009521484375,1,"(-25.749963760375977, -172.68545532226562, 764.6907958984375)",1
6159716155,6121548044,"(nan, nan)","(nan, nan, nan)",0,nan,0,"(nan, nan, nan)",0,"(nan, nan)","(nan, nan, nan)",0,nan,0,"(nan, nan, nan)",0
6159732197,6121564086,"(0.41344428062438965, 0.6737326383590698)","(-46.80894470214844, 105.68804931640625, 31.63031005859375)",1,3.5172882080078125,1,"(-87.20840454101562, -156.61460876464844, 755.73486328125)",1,"(0.42669540643692017, 0.6320456266403198)","(-39.47708511352539, 117.87992858886719, 36.06776809692383)",1,3.907745361328125,1,"(-25.638647079467773, -172.69749450683594, 763.7088623046875)",1
6159749435,6121581324,"(nan, nan)","(nan, nan, nan)",0,nan,0,"(nan, nan, nan)",0,"(0.43554237484931946, 0.6643990874290466)","(-34.582088470458984, 108.41779327392578, 32.62382888793945)",1,3.9640960693359375,1,"(-25.594820022583008, -172.67881774902344, 763.5944213867188)",1
6159766075,6121597964,"(0.5035985112190247, 0.6574391722679138)","(3.0734200477600098, 110.45328521728516, 33.36463928222656)",1,3.530517578125,1,"(-86.81424713134766, -156.58645629882812, 755.1959228515625)",1,"(nan, nan)","(nan, nan, nan)",0,nan,0,"(nan, nan, nan)",0
6159782117,6121614006,"(0.5067213177680969, 0.6528164744377136)","(4.801262378692627, 111.8052749633789, 33.856693267822266)",1,3.513458251953125,1,"(-86.99193572998047, -156.87159729003906, 756.412109375)",1,"(0.5321951508522034, 0.6382938027381897)","(18.89589500427246, 116.05258178710938, 35.402671813964844)",1,3.903106689453125,1,"(-25.3797550201416, -172.97962951660156, 764.4202880859375)",1
6159799355,6121631244,"(nan, nan)","(nan, nan, nan)",0,nan,0,"(nan, nan, nan)",0,"(0.5293355584144592, 0.6568811535835266)","(17.313722610473633, 110.61649322509766, 33.42409896850586)",1,3.9486236572265625,1,"(-25.380905151367188, -172.96888732910156, 764.376708984375)",1
6159815995,6121647884,"(nan, nan)","(nan, nan, nan)",0,nan,0,"(nan, nan, nan)",0,"(nan, nan)","(nan, nan, nan)",0,nan,0,"(nan, nan, nan)",0
6159832037,6121663926,"(0.5044310688972473, 0.6569061875343323)","(3.5340652465820312, 110.60916137695312, 33.42138671875)",1,3.49749755859375,1,"(-87.03667449951172, -156.85488891601562, 756.4424438476562)",1,"(0.5308514833450317, 0.6289969086647034)","(18.15251350402832, 118.77159118652344, 36.392269134521484)",1,3.880157470703125,1,"(-25.383981704711914, -172.9434814453125, 764.433837890625)",1
6159849275,6121681164,"(nan, nan)","(nan, nan, nan)",0,nan,0,"(nan, nan, nan)",0,"(0.5306907296180725, 0.6445857882499695)","(18.06353187561035, 114.21244812011719, 34.73287582397461)",1,3.9121551513671875,1,"(-25.379858016967773, -172.93576049804688, 764.425537109375)",1
6159865915,6121697804,"(nan, nan)","(nan, nan, nan)",0,nan,0,"(nan, nan, nan)",0,"(nan, nan)","(nan, nan, nan)",0,nan,0,"(nan, nan, nan)",0
6159881957,6121713846,"(0.5046159029006958, 0.6539455652236938)","(3.6363143920898438, 111.47502136230469, 33.736572265625)",1,3.4821929931640625,1,"(-86.88713073730469, -156.66468811035156, 755.969482421875)",1,"(0.5204843878746033, 0.6298289895057678)","(12.416362762451172, 118.5281982421875, 36.303733825683594)",1,3.8682403564453125,1,"(-25.25106430053711, -172.7211456298828, 763.98193359375)",1
6159899195,6121731084,"(nan, nan)","(nan, nan, nan)",0,nan,0,"(nan, nan, nan)",0,"(0.5218822956085205, 0.6500599980354309)","(13.189835548400879, 112.61138916015625, 34.15019226074219)",1,3.90283203125,1,"(-25.243289947509766, -172.71383666992188, 763.9757690429688)",1
6159915835,6121747724,"(nan, nan)","(nan, nan, nan)",0,nan,0,"(nan, nan, nan)",0,"(nan, nan)","(nan, nan, nan)",0,nan,0,"(nan, nan, nan)",0
6159931877,6121763766,"(0.5041145086288452, 0.64935302734375)","(3.3589096069335938, 112.81819152832031, 34.22540283203125)",1,3.467987060546875,1,"(-86.87068176269531, -156.67417907714844, 756.48681640625)",1,"(0.5183001756668091, 0.6555185317993164)","(11.207865715026855, 111.01498413085938, 33.56905746459961)",1,3.909271240234375,1,"(-25.181602478027344, -172.70803833007812, 764.4715576171875)",1
6159949115,6121781004,"(nan, nan)","(nan, nan, nan)",0,nan,0,"(nan, nan, nan)",0,"(0.5256298184394836, 0.6553440690040588)","(15.263371467590332, 111.0660171508789, 33.58763885498047)",1,3.90423583984375,1,"(-25.181760787963867, -172.71096801757812, 764.5148315429688)",1
6159965755,6121797644,"(nan, nan)","(nan, nan, nan)",0,nan,0,"(nan, nan, nan)",0,"(nan, nan)","(nan, nan, nan)",0,nan,0,"(nan, nan, nan)",0
6159981797,6121813686,"(0.49806201457977295, 0.6513504385948181)","(0.01004791259765625, 112.23402404785156, 34.01275634765625)",1,3.4696807861328125,1,"(-86.83653259277344, -156.6945343017578, 756.8433227539062)",1,"(0.5304263234138489, 0.6376219391822815)","(17.917247772216797, 116.24905395507812, 35.47416305541992)",1,3.84576416015625,1,"(-25.125530242919922, -172.7052459716797, 764.832275390625)",1
6159999035,6121830925,"(nan, nan)","(nan, nan, nan)",0,nan,0,"(nan, nan, nan)",0,"(0.5310483574867249, 0.6586195230484009)","(18.26141929626465, 110.10806274414062, 33.23902130126953)",1,3.9095001220703125,1,"(-25.118213653564453, -172.69805908203125, 764.8133544921875)",1
6160015675,6121847565,"(nan, nan)","(nan, nan, nan)",0,nan,0,"(nan, nan, nan)",0,"(nan, nan)","(nan, nan, nan)",0,nan,0,"(nan, nan, nan)",0
6160031717,6121863607,"(0.48680582642555237, 0.6612463593482971)","(-6.217979431152344, 109.33984375, 32.95941162109375)",1,3.45068359375,1,"(-86.68097686767578, -156.55938720703125, 756.6032104492188)",1,"(0.5114452838897705, 0.6688560843467712)","(7.41497802734375, 107.11427307128906, 32.149417877197266)",1,3.899749755859375,1,"(-25.009033203125, -172.61402893066406, 764.581298828125)",1
6160048955,6121880845,"(nan, nan)","(nan, nan, nan)",0,nan,0,"(nan, nan, nan)",0,"(0.5127246975898743, 0.6705430150032043)","(8.122939109802246, 106.62088775634766, 31.969837188720703)",1,3.916778564453125,1,"(-25.003475189208984, -172.62008666992188, 764.6008911132812)",1
6160065595,6121897485,"(nan, nan)","(nan, nan, nan)",0,nan,0,"(nan, nan, nan)",0,"(nan, nan)","(nan, nan, nan)",0,nan,0,"(nan, nan, nan)",0
6160081637,6121913527,"(0.48949092626571655, 0.6534764170646667)","(-4.732337951660156, 111.61222839355469, 33.78656005859375)",1,3.4569091796875,1,"(-86.73190307617188, -156.7157745361328, 757.465087890625)",1,"(0.5149332284927368, 0.6634417176246643)","(9.344924926757812, 108.69776153564453, 32.72570037841797)",1,3.89813232421875,1,"(-24.994983673095703, -172.77645874023438, 765.4226684570312)",1
6160098875,6121930765,"(nan, nan)","(nan, nan, nan)",0,nan,0,"(nan, nan, nan)",0,"(0.5167217254638672, 0.6637439727783203)","(10.33446216583252, 108.60940551757812, 32.693546295166016)",1,3.8802032470703125,1,"(-25.000972747802734, -172.7820587158203, 765.4536743164062)",1
6160115515,6121947405,"(nan, nan)","(nan, nan, nan)",0,nan,0,"(nan, nan, nan)",0,"(nan, nan)","(nan, nan, nan)",0,nan,0,"(nan, nan, nan)",0
6160131557,6121963447,"(0.4888079762458801, 0.6571850180625916)","(-5.110198974609375, 110.52761840820312, 33.3917236328125)",1,3.4593505859375,1,"(-86.8304214477539, -156.7948455810547, 757.5814819335938)",1,"(0.5094442963600159, 0.6528172492980957)","(6.307877063751221, 111.80503845214844, 33.8566780090332)",1,3.865509033203125,1,"(-25.071638107299805, -172.8486785888672, 765.5693969726562)",1
6160148795,6121980685,"(nan, nan)","(nan, nan, nan)",0,nan,0,"(nan, nan, nan)",0,"(0.5132516622543335, 0.6450138688087463)","(8.41447639465332, 114.08721923828125, 34.68732833862305)",1,3.843505859375,1,"(-25.071924209594727, -172.84555053710938, 765.55078125)",1
6160165435,6121997325,"(0.495576411485672, 0.6820532083511353)","(-1.3652074337005615, 103.25460815429688, 30.744592666625977)",1,3.5249481201171875,1,"(-86.8069076538086, -156.7532501220703, 757.3908081054688)",1,"(nan, nan)","(nan, nan, nan)",0,nan,0,"(nan, nan, nan)",0
6160181477,6122013367,"(0.49269604682922363, 0.6703780889511108)","(-2.9589293003082275, 106.66918182373047, 31.987302780151367)",1,3.512054443359375,1,"(-86.74365997314453, -156.70980834960938, 757.1787109375)",1,"(0.5142363905906677, 0.6648586392402649)","(8.95931625366211, 108.28338623046875, 32.574886322021484)",1,3.8530120849609375,1,"(-25.024240493774414, -172.76580810546875, 765.1389770507812)",1
6160198715,6122030605,"(nan, nan)","(nan, nan, nan)",0,nan,0,"(nan, nan, nan)",0,"(0.5135667324066162, 0.6621297001838684)","(8.588821411132812, 109.08148956298828, 32.8653564453125)",1,3.8522491455078125,1,"(-25.018308639526367, -172.7581024169922, 765.1034545898438)",1
6160215355,6122047245,"(nan, nan)","(nan, nan, nan)",0,nan,0,"(nan, nan, nan)",0,"(nan, nan)","(nan, nan, nan)",0,nan,0,"(nan, nan, nan)",0
6160231397,6122063287,"(0.4821823537349701, 0.6625982522964478)","(-8.776153564453125, 108.94442749023438, 32.8155517578125)",1,3.4329833984375,1,"(-86.68875885009766, -156.6111297607422, 756.7232666015625)",1,"(0.5054934620857239, 0.6501390337944031)","(4.121924877166748, 112.5882797241211, 34.1417236328125)",1,3.825469970703125,1,"(-25.016498565673828, -172.6639862060547, 764.6929931640625)",1
6160248635,6122080525,"(nan, nan)","(nan, nan, nan)",0,nan,0,"(nan, nan, nan)",0,"(0.49976685643196106, 0.6502423286437988)","(0.9533715844154358, 112.55809783935547, 34.13072967529297)",1,3.840850830078125,1,"(-25.026220321655273, -172.67251586914062, 764.72119140625)",1
6160265275,6122097165,"(nan, nan)","(nan, nan, nan)",0,nan,0,"(nan, nan, nan)",0,"(nan, nan)","(nan, nan, nan)",0,nan,0,"(nan, nan, nan)",0
6160281317,6122113207,"(0.4780016243457794, 0.6757261753082275)","(-11.089363098144531, 105.10504150390625, 31.4180908203125)",1,3.4547271728515625,1,"(-86.90922546386719, -156.76882934570312, 757.2274169921875)",1,"(0.5026472210884094, 0.6718055605888367)","(2.54707407951355, 106.25164031982422, 31.835432052612305)",1,3.871307373046875,1,"(-25.20636558532715, -172.80929565429688, 765.196533203125)",1
6160298555,6122130446,"(nan, nan)","(nan, nan, nan)",0,nan,0,"(nan, nan, nan)",0,"(0.5013659596443176, 0.6677743792533875)","(1.8381422758102417, 107.4306411743164, 32.26454544067383)",1,3.8678436279296875,1,"(-25.21553611755371, -172.81507873535156, 765.208251953125)",1
6160315195,6122147086,"(nan, nan)","(nan, nan, nan)",0,nan,0,"(nan, nan, nan)",0,"(nan, nan)","(nan, nan, nan)",0,nan,0,"(nan, nan, nan)",0
6160331237,6122163128,"(0.4799891710281372, 0.6633039712905884)","(-9.989646911621094, 108.73809814453125, 32.74029541015625)",1,3.4496612548828125,1,"(-87.12989044189453, -156.90850830078125, 757.8170776367188)",1,"(0.5063915252685547, 0.6561381816864014)","(4.618793964385986, 110.83375549316406, 33.5031852722168)",1,3.8585968017578125,1,"(-25.335994720458984, -172.93177795410156, 765.819091796875)",1
6160348475,6122180366,"(nan, nan)","(nan, nan, nan)",0,nan,0,"(nan, nan, nan)",0,"(0.5044212341308594, 0.662570059299469)","(3.528615713119507, 108.95269012451172, 32.81852340698242)",1,3.8711090087890625,1,"(-25.343046188354492, -172.9386749267578, 765.8644409179688)",1
6160365115,6122197006,"(nan, nan)","(nan, nan, nan)",0,nan,0,"(nan, nan, nan)",0,"(nan, nan)","(nan, nan, nan)",0,nan,0,"(nan, nan, nan)",0
6160381157,6122213048,"(0.48425161838531494, 0.6826359629631042)","(-7.631248474121094, 103.08421325683594, 30.68255615234375)",1,3.4508056640625,1,"(-87.3092041015625, -157.01719665527344, 758.0895385742188)",1,"(0.5057889819145203, 0.6506402492523193)","(4.285396575927734, 112.44171142578125, 34.088382720947266)",1,3.8383026123046875,1,"(-25.49197769165039, -173.01856994628906, 766.1131591796875)",1
6160398395,6122230286,"(nan, nan)","(nan, nan, nan)",0,nan,0,"(nan, nan, nan)",0,"(0.5033301115036011, 0.6603360176086426)","(2.9248852729797363, 109.60608673095703, 33.056297302246094)",1,3.8474884033203125,1,"(-25.50411605834961, -173.0304718017578, 766.1315307617188)",1
6160415035,6122246926,"(nan, nan)","(nan, nan, nan)",0,nan,0,"(nan, nan, nan)",0,"(nan, nan)","(nan, nan, nan)",0,nan,0,"(nan, nan, nan)",0
6160431077,6122262968,"(0.47890281677246094, 0.674193263053894)","(-10.590721130371094, 105.5533447265625, 31.58123779296875)",1,3.433685302734375,1,"(-87.5699462890625, -157.21932983398438, 758.7899780273438)",1,"(0.505308985710144, 0.6595770120620728)","(4.019808769226074, 109.82804107666016, 33.137149810791016)",1,3.8420257568359375,1,"(-25.69614028930664, -173.26852416992188, 766.8262329101562)",1
6160448315,6122280206,"(nan, nan)","(nan, nan, nan)",0,nan,0,"(nan, nan, nan)",0,"(0.504804790019989, 0.6651892066001892)","(3.740841865539551, 108.1866683959961, 32.539730072021484)",1,3.8597564697265625,1,"(-25.698183059692383, -173.27305603027344, 766.8298950195312)",1
6160464955,6122296846,"(nan, nan)","(nan, nan, nan)",0,nan,0,"(nan, nan, nan)",0,"(nan, nan)","(nan, nan, nan)",0,nan,0,"(nan, nan, nan)",0
6160480997,6122312888,"(0.5260267853736877, 0.6492182016372681)","(15.482985496520996, 112.85760498046875, 34.23974609375)",1,3.402313232421875,1,"(-87.41427612304688, -157.2235107421875, 758.5568237304688)",1,"(0.5418483018875122, 0.6423797607421875)","(24.237014770507812, 114.85762023925781, 34.967681884765625)",1,3.814361572265625,1,"(-25.5667781829834, -173.26678466796875, 766.6174926757812)",1
6160498235,6122330126,"(nan, nan)","(nan, nan, nan)",0,nan,0,"(nan, nan, nan)",0,"(0.540395975112915, 0.6399298310279846)","(23.43345069885254, 115.57414245605469, 35.22846603393555)",1,3.8134002685546875,1,"(-25.564241409301758, -173.25599670410156, 766.5809326171875)",1
6160514875,6122346766,"(nan, nan)","(nan, nan, nan)",0,nan,0,"(nan, nan, nan)",0,"(nan, nan)","(nan, nan, nan)",0,nan,0,"(nan, nan, nan)",0
6160530917,6122362808,"(0.5239332914352417, 0.652708888053894)","(14.324630737304688, 111.8366928100586, 33.86822509765625)",1,3.401031494140625,1,"(-87.38793182373047, -157.13430786132812, 758.265625)",1,"(0.5455469489097595, 0.6497201323509216)","(26.28348159790039, 112.7108154296875, 34.1864013671875)",1,3.8264617919921875,1,"(-25.54791831970215, -173.13284301757812, 766.2918701171875)",1
6160548155,6122380046,"(nan, nan)","(nan, nan, nan)",0,nan,0,"(nan, nan, nan)",0,"(0.543561577796936, 0.6556551456451416)","(25.184974670410156, 110.97500610351562, 33.55461883544922)",1,3.834197998046875,1,"(-25.550395965576172, -173.12144470214844, 766.2695922851562)",1
6160564795,6122396686,"(nan, nan)","(nan, nan, nan)",0,nan,0,"(nan, nan, nan)",0,"(nan, nan)","(nan, nan, nan)",0,nan,0,"(nan, nan, nan)",0
6160580837,6122412728,"(0.5304775834083557, 0.6743038296699524)","(17.945579528808594, 105.52099609375, 31.56951904296875)",1,3.4038238525390625,1,"(-87.4120101928711, -157.038330078125, 757.9793701171875)",1,"(0.538321852684021, 0.6669487357139587)","(22.285844802856445, 107.67210388183594, 32.3524169921875)",1,3.7975921630859375,1,"(-25.57175064086914, -172.96922302246094, 765.9736328125)",1
6160598075,6122429966,"(nan, nan)","(nan, nan, nan)",0,nan,0,"(nan, nan, nan)",0,"(0.5409186482429504, 0.6600867509841919)","(23.722631454467773, 109.6789779663086, 33.082855224609375)",1,3.7941436767578125,1,"(-25.57676124572754, -172.9615020751953, 765.9427490234375)",1
6160614715,6122446607,"(nan, nan)","(nan, nan, nan)",0,nan,0,"(nan, nan, nan)",0,"(nan, nan)","(nan, nan, nan)",0,nan,0,"(nan, nan, nan)",0
6160630757,6122462649,"(0.5322953462600708, 0.6825177669525146)","(18.951339721679688, 103.11875915527344, 30.695068359375)",1,3.4088592529296875,1,"(-87.22482299804688, -156.7500762939453, 756.6368408203125)",1,"(0.5414093732833862, 0.6676287055015564)","(23.99416160583496, 107.47325134277344, 32.27996826171875)",1,3.78497314453125,1,"(-25.489408493041992, -172.6396942138672, 764.6008911132812)",1
6160647995,6122479887,"(nan, nan)","(nan, nan, nan)",0,nan,0,"(nan, nan, nan)",0,"(0.5426532626152039, 0.6666024327278137)","(24.68239402770996, 107.77339935302734, 32.389217376708984)",1,3.7988128662109375,1,"(-25.48554229736328, -172.63917541503906, 764.5833740234375)",1
6160664635,6122496527,"(nan, nan)","(nan, nan, nan)",0,nan,0,"(nan, nan, nan)",0,"(nan, nan)","(nan, nan, nan)",0,nan,0,"(nan, nan, nan)",0
6160680677,6122512569,"(0.5284759998321533, 0.6676152944564819)","(16.838150024414062, 107.4771728515625, 32.28143310546875)",1,3.3882598876953125,1,"(-87.04362487792969, -156.75967407226562, 756.3907470703125)",1,"(0.5373390316963196, 0.6597861051559448)","(21.74205207824707, 109.76688385009766, 33.11485290527344)",1,3.8040008544921875,1,"(-25.348302841186523, -172.67010498046875, 764.33203125)",1
6160697915,6122529807,"(nan, nan)","(nan, nan, nan)",0,nan,0,"(nan, nan, nan)",0,"(0.5343379974365234, 0.6664143800735474)","(20.081579208374023, 107.82837677001953, 32.40929412841797)",1,3.832672119140625,1,"(-25.34563636779785, -172.67697143554688, 764.3307495117188)",1
6160714555,6122546447,"(nan, nan)","(nan, nan, nan)",0,nan,0,"(nan, nan, nan)",0,"(nan, nan)","(nan, nan, nan)",0,nan,0,"(nan, nan, nan)",0
6160730597,6122562489,"(0.5335596799850464, 0.6708518266677856)","(19.650924682617188, 106.53060150146484, 31.93695068359375)",1,3.371734619140625,1,"(-86.88651275634766, -156.68809509277344, 755.611328125)",1,"(0.539569079875946, 0.6575894951820374)","(22.97589874267578, 110.40933990478516, 33.3486442565918)",1,3.7772369384765625,1,"(-25.242481231689453, -172.64796447753906, 763.5708618164062)",1
6160747835,6122579727,"(nan, nan)","(nan, nan, nan)",0,nan,0,"(nan, nan, nan)",0,"(0.5409857034683228, 0.6681848168373108)","(23.759742736816406, 107.31058502197266, 32.220794677734375)",1,3.7973785400390625,1,"(-25.23553466796875, -172.63931274414062, 763.5120849609375)",1
6160764475,6122596367,"(0.5317273736000061, 0.6750242114067078)","(18.63714599609375, 105.31034088134766, 31.492746353149414)",1,3.4258270263671875,1,"(-86.75381469726562, -156.56051635742188, 754.8317260742188)",1,"(nan, nan)","(nan, nan, nan)",0,nan,0,"(nan, nan, nan)",0
6160780517,6122612409,"(0.5256694555282593, 0.6681729555130005)","(15.285259246826172, 107.3140869140625, 32.2220458984375)",1,3.40570068359375,1,"(-86.6580581665039, -156.54925537109375, 754.6890869140625)",1,"(0.5342000126838684, 0.6574446558952332)","(20.005176544189453, 110.45170593261719, 33.36405563354492)",1,3.785675048828125,1,"(-25.10251235961914, -172.52491760253906, 762.5772094726562)",1
6160797755,6122629647,"(nan, nan)","(nan, nan, nan)",0,nan,0,"(nan, nan, nan)",0,"(0.5380311608314514, 0.6313976645469666)","(22.124980926513672, 118.0694351196289, 36.13669204711914)",1,3.739990234375,1,"(-25.09258460998535, -172.52752685546875, 762.5447387695312)",1
6160814395,6122646287,"(0.5240077972412109, 0.6633915901184082)","(14.36587142944336, 108.7124252319336, 32.73102951049805)",1,3.3848114013671875,1,"(-86.53899383544922, -156.544921875, 754.447509765625)",1,"(nan, nan)","(nan, nan, nan)",0,nan,0,"(nan, nan, nan)",0
6160830437,6122662329,"(0.5414496064186096, 0.657852292060852)","(24.016433715820312, 110.33247375488281, 33.32067108154297)",1,3.369415283203125,1,"(-86.39766693115234, -156.52603149414062, 754.22509765625)",1,"(0.5635999441146851, 0.6606444716453552)","(36.272186279296875, 109.51588439941406, 33.02347946166992)",1,3.8036041259765625,1,"(-24.9012393951416, -172.56884765625, 762.1380615234375)",1
6160847675,6122679567,"(nan, nan)","(nan, nan, nan)",0,nan,0,"(nan, nan, nan)",0,"(0.5681102871894836, 0.6663606762886047)","(38.76777648925781, 107.84410095214844, 32.415008544921875)",1,3.8204345703125,1,"(-24.880653381347656, -172.56085205078125, 762.0821533203125)",1
6160864315,6122696207,"(nan, nan)","(nan, nan, nan)",0,nan,0,"(nan, nan, nan)",0,"(nan, nan)","(nan, nan, nan)",0,nan,0,"(nan, nan, nan)",0
6160880357,6122712249,"(0.561467170715332, 0.6630650162696838)","(35.092132568359375, 108.80793762207031, 32.76580810546875)",1,3.3587493896484375,1,"(-86.32635498046875, -156.5961456298828, 754.169189453125)",1,"(0.5868365168571472, 0.6513057351112366)","(49.128971099853516, 112.24707794189453, 34.01758575439453)",1,3.806182861328125,1,"(-24.836435317993164, -172.68504333496094, 762.063232421875)",1
6160897595,6122729487,"(nan, nan)","(nan, nan, nan)",0,nan,0,"(nan, nan, nan)",0,"(0.5898584723472595, 0.658251941204071)","(50.80104446411133, 110.2155990600586, 33.27817916870117)",1,3.82403564453125,1,"(-24.840970993041992, -172.69378662109375, 762.0828247070312)",1
6160914235,6122746128,"(nan, nan)","(nan, nan, nan)",0,nan,0,"(nan, nan, nan)",0,"(nan, nan)","(nan, nan, nan)",0,nan,0,"(nan, nan, nan)",0
6160930277,6122762170,"(0.5645566582679749, 0.6706942915916443)","(36.80157470703125, 106.5766830444336, 31.95367431640625)",1,3.344024658203125,1,"(-86.48245239257812, -156.7858428955078, 754.7623901367188)",1,"(0.5816438794136047, 0.628711462020874)","(46.255916595458984, 118.85504150390625, 36.42262649536133)",1,3.74053955078125,1,"(-24.912677764892578, -172.90774536132812, 762.697265625)",1
6160947515,6122779408,"(nan, nan)","(nan, nan, nan)",0,nan,0,"(nan, nan, nan)",0,"(nan, nan)","(nan, nan, nan)",0,nan,0,"(nan, nan, nan)",0
6160964155,6122796048,"(0.569987416267395, 0.6841449737548828)","(39.80644226074219, 102.64289855957031, 30.521827697753906)",1,3.4029541015625,1,"(-86.54524230957031, -156.94680786132812, 755.4417724609375)",1,"(nan, nan)","(nan, nan, nan)",0,nan,0,"(nan, nan, nan)",0
6160980197,6122812090,"(0.5692465901374817, 0.6737512350082397)","(39.39654541015625, 105.68265533447266, 31.62826156616211)",1,3.3995513916015625,1,"(-86.5766372680664, -157.07522583007812, 756.0770263671875)",1,"(0.5945659279823303, 0.6616373062133789)","(53.40566635131836, 109.22550201416016, 32.917850494384766)",1,3.82794189453125,1,"(-24.93477439880371, -173.2401123046875, 764.0197143554688)",1
6160997435,6122829328,"(nan, nan)","(nan, nan, nan)",0,nan,0,"(nan, nan, nan)",0,"(0.5940111875534058, 0.654575526714325)","(53.098731994628906, 111.29078674316406, 33.66954040527344)",1,3.8052520751953125,1,"(-24.932788848876953, -173.24880981445312, 764.0538940429688)",1
6161014075,6122845968,"(nan, nan)","(nan, nan, nan)",0,nan,0,"(nan, nan, nan)",0,"(nan, nan)","(nan, nan, nan)",0,nan,0,"(nan, nan, nan)",0
6161030117,6122862010,"(0.5603294372558594, 0.6642133593559265)","(34.46265411376953, 108.47209930419922, 32.6435546875)",1,3.33514404296875,1,"(-86.59613800048828, -157.2135009765625, 756.6470947265625)",1,"(0.5868911147117615, 0.6300317645072937)","(49.159236907958984, 118.46891784667969, 36.28209686279297)",1,3.7436370849609375,1,"(-24.925634384155273, -173.40097045898438, 764.6386108398438)",1
6161047355,6122879248,"(nan, nan)","(nan, nan, nan)",0,nan,0,"(nan, nan, nan)",0,"(0.5907891988754272, 0.6581751108169556)","(51.316043853759766, 110.23807525634766, 33.28630447387695)",1,3.8272552490234375,1,"(-24.926372528076172, -173.40383911132812, 764.6553344726562)",1
6161063995,6122895888,"(nan, nan)","(nan, nan, nan)",0,nan,0,"(nan, nan, nan)",0,"(nan, nan)","(nan, nan, nan)",0,nan,0,"(nan, nan, nan)",0
6161080037,6122911930,"(0.5552566051483154, 0.6569090485572815)","(31.655860900878906, 110.60833740234375, 33.42108154296875)",1,3.3369140625,1,"(-86.60897827148438, -157.2792205810547, 757.0982666015625)",1,"(0.5960375070571899, 0.6649885773658752)","(54.21990966796875, 108.245361328125, 32.56107711791992)",1,3.792510986328125,1,"(-24.924131393432617, -173.463623046875, 765.1021728515625)",1
6161097275,6122929168,"(nan, nan)","(nan, nan, nan)",0,nan,0,"(nan, nan, nan)",0,"(0.5984535813331604, 0.6671105027198792)","(55.55672836303711, 107.62479400634766, 32.335208892822266)",1,3.8213653564453125,1,"(-24.92266082763672, -173.4652862548828, 765.1265258789062)",1
6161113915,6122945808,"(0.574273943901062, 0.6500338912010193)","(42.178138732910156, 112.61908721923828, 34.15290451049805)",1,3.33648681640625,1,"(-86.56258392333984, -157.2745819091797, 757.2347412109375)",1,"(nan, nan)","(nan, nan, nan)",0,nan,0,"(nan, nan, nan)",0
6161129957,6122961850,"(0.5820968747138977, 0.6625580191612244)","(46.50654220581055, 108.95620727539062, 32.81982421875)",1,3.3452606201171875,1,"(-86.43653106689453, -157.081787109375, 756.671142578125)",1,"(0.6059141755104065, 0.6754553914070129)","(59.6847038269043, 105.18425750732422, 31.44683837890625)",1,3.7914886474609375,1,"(-24.757099151611328, -173.2092742919922, 764.69189453125)",1
6161147195,6122979088,"(nan, nan)","(nan, nan, nan)",0,nan,0,"(nan, nan, nan)",0,"(0.6069597005844116, 0.665523111820221)","(60.26319122314453, 108.08905029296875, 32.504112243652344)",1,3.7778167724609375,1,"(-24.761157989501953, -173.1941375732422, 764.6404418945312)",1
6161163835,6122995728,"(0.5841248631477356, 0.6667095422744751)","(47.628623962402344, 107.7420883178711, 32.37785339355469)",1,3.367828369140625,1,"(-86.3480453491211, -156.8712921142578, 755.8109130859375)",1,"(nan, nan)","(nan, nan, nan)",0,nan,0,"(nan, nan, nan)",0
6161179877,6123011770,"(0.584726870059967, 0.6698793172836304)","(47.96173858642578, 106.81504821777344, 32.04043197631836)",1,3.355316162109375,1,"(-86.37785339355469, -156.77247619628906, 755.5072631835938)",1,"(0.6067936420440674, 0.6751991510391235)","(60.17130661010742, 105.25918579101562, 31.474164962768555)",1,3.7892608642578125,1,"(-24.803409576416016, -172.8616180419922, 763.5243530273438)",1
6161197115,6123029008,"(nan, nan)","(nan, nan, nan)",0,nan,0,"(nan, nan, nan)",0,"(0.6048913598060608, 0.6746461391448975)","(59.11875534057617, 105.42090606689453, 31.533031463623047)",1,3.774261474609375,1,"(-24.813676834106445, -172.85452270507812, 763.5006713867188)",1
6161213755,6123045648,"(nan, nan)","(nan, nan, nan)",0,nan,0,"(nan, nan, nan)",0,"(nan, nan)","(nan, nan, nan)",0,nan,0,"(nan, nan, nan)",0
6161229797,6123061691,"(0.5796471238136292, 0.662203848361969)","(45.15113830566406, 109.05979919433594, 32.85748291015625)",1,3.286468505859375,1,"(-86.48479461669922, -156.8053436279297, 755.6119995117188)",1,"(0.6137915253639221, 0.6606916785240173)","(64.04325103759766, 109.50205993652344, 33.01850128173828)",1,3.751373291015625,1,"(-24.943828582763672, -172.89915466308594, 763.5999755859375)",1
6161247035,6123078929,"(nan, nan)","(nan, nan, nan)",0,nan,0,"(nan, nan, nan)",0,"(0.6163107752799988, 0.6670534014701843)","(65.43708801269531, 107.6415023803711, 32.3413200378418)",1,3.7750701904296875,1,"(-24.944143295288086, -172.90122985839844, 763.6030883789062)",1
6161263675,6123095569,"(nan, nan)","(nan, nan, nan)",0,nan,0,"(nan, nan, nan)",0,"(nan, nan)","(nan, nan, nan)",0,nan,0,"(nan, nan, nan)",0
6161279717,6123111611,"(0.564054548740387, 0.6643235683441162)","(36.52375030517578, 108.43986511230469, 32.63177490234375)",1,3.2844085693359375,1,"(-86.54523468017578, -156.87327575683594, 756.0086059570312)",1,"(0.6014997363090515, 0.6623064279556274)","(57.24220657348633, 109.02979278564453, 32.846561431884766)",1,3.73504638671875,1,"(-24.977672576904297, -172.98294067382812, 763.9776000976562)",1
6161296955,6123128849,"(nan, nan)","(nan, nan, nan)",0,nan,0,"(nan, nan, nan)",0,"(0.5855515599250793, 0.6690940260887146)","(48.41804885864258, 107.04469299316406, 32.12405014038086)",1,3.7223663330078125,1,"(-25.026792526245117, -173.0093231201172, 764.0868530273438)",1
6161313595,6123145489,"(nan, nan)","(nan, nan, nan)",0,nan,0,"(nan, nan, nan)",0,"(nan, nan)","(nan, nan, nan)",0,nan,0,"(nan, nan, nan)",0
6161329637,6123161531,"(0.469226211309433, 0.705259382724762)","(-15.944793701171875, 96.46772766113281, 28.2742919921875)",1,3.285247802734375,1,"(-86.77608489990234, -156.75424194335938, 755.52978515625)",1,"(0.48439106345176697, 0.6795325875282288)","(-7.554080963134766, 103.9918212890625, 31.012826919555664)",1,3.715850830078125,1,"(-25.3282470703125, -172.85887145996094, 763.4913940429688)",1
6161346875,6123178769,"(nan, nan)","(nan, nan, nan)",0,nan,0,"(nan, nan, nan)",0,"(0.48457279801368713, 0.6683927774429321)","(-7.453536033630371, 107.24980926513672, 32.19863510131836)",1,3.725982666015625,1,"(-25.331377029418945, -172.86251831054688, 763.5130615234375)",1
6161363515,6123195409,"(nan, nan)","(nan, nan, nan)",0,nan,0,"(nan, nan, nan)",0,"(nan, nan)","(nan, nan, nan)",0,nan,0,"(nan, nan, nan)",0
6161379557,6123211451,"(0.47354498505592346, 0.6914262771606445)","(-13.555206298828125, 100.51336669921875, 29.746826171875)",1,3.2629241943359375,1,"(-86.89009094238281, -156.77777099609375, 755.6444702148438)",1,"(0.4913289546966553, 0.6678701639175415)","(-3.7153234481811523, 107.40258026123047, 32.25434494018555)",1,3.6919403076171875,1,"(-25.40290069580078, -172.86703491210938, 763.5948486328125)",1
6161396795,6123228689,"(nan, nan)","(nan, nan, nan)",0,nan,0,"(nan, nan, nan)",0,"(0.4908418655395508, 0.6693440675735474)","(-3.984833240509033, 106.9715347290039, 32.09745788574219)",1,3.70013427734375,1,"(-25.40639305114746, -172.87925720214844, 763.6572265625)",1
6161413435,6123245329,"(0.4734742343425751, 0.721646785736084)","(-13.594354629516602, 91.67499542236328, 26.529930114746094)",1,3.3688507080078125,1,"(-86.95938110351562, -156.86268615722656, 756.1205444335938)",1,"(nan, nan)","(nan, nan, nan)",0,nan,0,"(nan, nan, nan)",0
6161429477,6123261371,"(0.47646793723106384, 0.7241823673248291)","(-11.93794059753418, 90.93345642089844, 26.260055541992188)",1,3.38458251953125,1,"(-86.9953842163086, -156.92637634277344, 756.4359130859375)",1,"(0.4904146194458008, 0.6573973894119263)","(-4.221210479736328, 110.46552276611328, 33.36911392211914)",1,3.693084716796875,1,"(-25.429546356201172, -173.0347137451172, 764.437255859375)",1
6161446715,6123278609,"(nan, nan)","(nan, nan, nan)",0,nan,0,"(nan, nan, nan)",0,"(0.4921518564224243, 0.6667914390563965)","(-3.260021209716797, 107.71812438964844, 32.369140625)",1,3.700927734375,1,"(-25.429656982421875, -173.04940795898438, 764.49462890625)",1
6161463355,6123295249,"(nan, nan)","(nan, nan, nan)",0,nan,0,"(nan, nan, nan)",0,"(nan, nan)","(nan, nan, nan)",0,nan,0,"(nan, nan, nan)",0
6161479397,6123311291,"(0.4661141633987427, 0.6981205344200134)","(-17.666671752929688, 98.5555419921875, 29.034238815307617)",1,3.2830047607421875,1,"(-87.10456848144531, -157.17184448242188, 757.4749755859375)",1,"(0.4948415458202362, 0.6670348048210144)","(-1.771830439567566, 107.64695739746094, 32.34318923950195)",1,3.689453125,1,"(-25.45830726623535, -173.31588745117188, 765.4893798828125)",1
6161496635,6123328529,"(nan, nan)","(nan, nan, nan)",0,nan,0,"(nan, nan, nan)",0,"(0.4942920207977295, 0.6766548156738281)","(-2.0758919715881348, 104.83344268798828, 31.319164276123047)",1,3.723724365234375,1,"(-25.464170455932617, -173.3384552001953, 765.5731201171875)",1
6161513275,6123345169,"(0.46905717253685, 0.7061753869056702)","(-16.038326263427734, 96.19982147216797, 28.176780700683594)",1,3.361053466796875,1,"(-87.2015151977539, -157.33885192871094, 758.1641235351562)",1,"(nan, nan)","(nan, nan, nan)",0,nan,0,"(nan, nan, nan)",0
6161529317,6123361212,"(0.4715694785118103, 0.7204878330230713)","(-14.648284912109375, 92.01395416259766, 26.65331268310547)",1,3.394012451171875,1,"(-87.26351928710938, -157.47769165039062, 758.6591796875)",1,"(0.48978886008262634, 0.6783173680305481)","(-4.567483425140381, 104.34722900390625, 31.142215728759766)",1,3.7342987060546875,1,"(-25.522621154785156, -173.64767456054688, 766.7142333984375)",1
6161546555,6123378450,"(nan, nan)","(nan, nan, nan)",0,nan,0,"(nan, nan, nan)",0,"(0.492644727230072, 0.67572420835495)","(-2.9873523712158203, 105.10564422607422, 31.418258666992188)",1,3.73529052734375,1,"(-25.522600173950195, -173.6709747314453, 766.7870483398438)",1
6161563195,6123395090,"(nan, nan)","(nan, nan, nan)",0,nan,0,"(nan, nan, nan)",0,"(nan, nan)","(nan, nan, nan)",0,nan,0,"(nan, nan, nan)",0
6161579237,6123411132,"(0.46940022706985474, 0.6978328227996826)","(-15.848526000976562, 98.63971710205078, 29.0648193359375)",1,3.2975616455078125,1,"(-87.25337219238281, -157.62808227539062, 759.2886352539062)",1,"(0.4960132837295532, 0.6904338002204895)","(-1.1235111951828003, 100.80364990234375, 29.852455139160156)",1,3.7970123291015625,1,"(-25.452529907226562, -173.8441162109375, 767.3316040039062)",1
6161596475,6123428370,"(nan, nan)","(nan, nan, nan)",0,nan,0,"(nan, nan, nan)",0,"(0.47745704650878906, 0.648573637008667)","(-11.390698432922363, 113.046142578125, 34.308349609375)",1,3.648651123046875,1,"(-25.446521759033203, -173.84747314453125, 767.3480224609375)",1
6161613115,6123445010,"(nan, nan)","(nan, nan, nan)",0,nan,0,"(nan, nan, nan)",0,"(nan, nan)","(nan, nan, nan)",0,nan,0,"(nan, nan, nan)",0
6161629157,6123461052,"(0.46642690896987915, 0.6991909742355347)","(-17.49364471435547, 98.24250030517578, 28.9202880859375)",1,3.308837890625,1,"(-87.25330352783203, -157.60354614257812, 759.350341796875)",1,"(0.4902910590171814, 0.6769028902053833)","(-4.289599418640137, 104.76089477539062, 31.292816162109375)",1,3.7693023681640625,1,"(-25.41575813293457, -173.80824279785156, 767.4221801757812)",1
6161646395,6123478290,"(nan, nan)","(nan, nan, nan)",0,nan,0,"(nan, nan, nan)",0,"(0.48587578535079956, 0.6661167144775391)","(-6.73257303237915, 107.91542053222656, 32.44097137451172)",1,3.7226104736328125,1,"(-25.41904640197754, -173.79827880859375, 767.397705078125)",1
6161663035,6123494930,"(nan, nan)","(nan, nan, nan)",0,nan,0,"(nan, nan, nan)",0,"(nan, nan)","(nan, nan, nan)",0,nan,0,"(nan, nan, nan)",0
6161679077,6123510972,"(0.4650246202945709, 0.6903474926948547)","(-18.269546508789062, 100.828857421875, 29.861696243286133)",1,3.2830047607421875,1,"(-87.36896514892578, -157.62158203125, 759.460205078125)",1,"(0.5039055347442627, 0.6645738482475281)","(3.2432503700256348, 108.3666763305664, 32.60521697998047)",1,3.7104949951171875,1,"(-25.52638816833496, -173.7848358154297, 767.5054321289062)",1
6161696315,6123528210,"(nan, nan)","(nan, nan, nan)",0,nan,0,"(nan, nan, nan)",0,"(0.5084684491157532, 0.6678309440612793)","(5.767933368682861, 107.4140853881836, 32.25849914550781)",1,3.7196502685546875,1,"(-25.512874603271484, -173.7800750732422, 767.4865112304688)",1
6161712955,6123544850,"(nan, nan)","(nan, nan, nan)",0,nan,0,"(nan, nan, nan)",0,"(nan, nan)","(nan, nan, nan)",0,nan,0,"(nan, nan, nan)",0
6161728997,6123560892,"(0.5136162042617798, 0.6828059554100037)","(8.616172790527344, 103.03448486328125, 30.664426803588867)",1,3.3161163330078125,1,"(-87.26398468017578, -157.80322265625, 760.0913696289062)",1,"(0.5394311547279358, 0.6607044339179993)","(22.899587631225586, 109.49835968017578, 33.01708984375)",1,3.72747802734375,1,"(-25.354541778564453, -173.96835327148438, 768.1685791015625)",1
6161746235,6123578130,"(nan, nan)","(nan, nan, nan)",0,nan,0,"(nan, nan, nan)",0,"(0.5389291644096375, 0.6641790270805359)","(22.6218204498291, 108.48217010498047, 32.647216796875)",1,3.7277069091796875,1,"(-25.3438777923584, -173.95574951171875, 768.09814453125)",1
6161762875,6123594770,"(nan, nan)","(nan, nan, nan)",0,nan,0,"(nan, nan, nan)",0,"(nan, nan)","(nan, nan, nan)",0,nan,0,"(nan, nan, nan)",0
6161778917,6123610812,"(0.511941134929657, 0.6669512391090393)","(7.689376354217529, 107.67137908935547, 32.35211181640625)",1,3.2953338623046875,1,"(-87.07695770263672, -157.69081115722656, 759.5087890625)",1,"(0.5451034903526306, 0.6578840017318726)","(26.03812599182129, 110.32318878173828, 33.317298889160156)",1,3.707977294921875,1,"(-25.208192825317383, -173.880615234375, 767.5347290039062)",1
6161796155,6123628050,"(nan, nan)","(nan, nan, nan)",0,nan,0,"(nan, nan, nan)",0,"(0.5486412644386292, 0.664089024066925)","(27.99558448791504, 108.50846862792969, 32.656803131103516)",1,3.7235107421875,1,"(-25.202075958251953, -173.8792266845703, 767.5191040039062)",1
6161812795,6123644690,"(nan, nan)","(nan, nan, nan)",0,nan,0,"(nan, nan, nan)",0,"(nan, nan)","(nan, nan, nan)",0,nan,0,"(nan, nan, nan)",0
6161828837,6123660732,"(0.5124608874320984, 0.677518367767334)","(7.976966381072998, 104.58087158203125, 31.227294921875)",1,3.30126953125,1,"(-86.96792602539062, -157.62158203125, 759.2001953125)",1,"(0.5461105108261108, 0.6609578728675842)","(26.595279693603516, 109.4242172241211, 32.9901237487793)",1,3.7237396240234375,1,"(-25.107940673828125, -173.83749389648438, 767.2161865234375)",1
6161846075,6123677971,"(nan, nan)","(nan, nan, nan)",0,nan,0,"(nan, nan, nan)",0,"(0.5439350605010986, 0.6629149913787842)","(25.391632080078125, 108.85182189941406, 32.78179168701172)",1,3.72283935546875,1,"(-25.103431701660156, -173.83949279785156, 767.2190551757812)",1
6161862715,6123694611,"(nan, nan)","(nan, nan, nan)",0,nan,0,"(nan, nan, nan)",0,"(nan, nan)","(nan, nan, nan)",0,nan,0,"(nan, nan, nan)",0
6161878757,6123710653,"(0.5183518528938293, 0.693907618522644)","(11.236412048339844, 99.78764343261719, 29.482728958129883)",1,3.322723388671875,1,"(-86.88763427734375, -157.5876007080078, 759.28515625)",1,"(0.5512593984603882, 0.6768468022346497)","(29.44419288635254, 104.7773208618164, 31.29878807067871)",1,3.715087890625,1,"(-25.028406143188477, -173.8316192626953, 767.2877807617188)",1
6161895995,6123727891,"(nan, nan)","(nan, nan, nan)",0,nan,0,"(nan, nan, nan)",0,"(0.547493040561676, 0.6686767339706421)","(27.36029052734375, 107.166748046875, 32.16847229003906)",1,3.7022247314453125,1,"(-25.022008895874023, -173.8275604248047, 767.280029296875)",1
6161912635,6123744531,"(nan, nan)","(nan, nan, nan)",0,nan,0,"(nan, nan, nan)",0,"(nan, nan)","(nan, nan, nan)",0,nan,0,"(nan, nan, nan)",0
6161928677,6123760573,"(0.5127314329147339, 0.6944531798362732)","(8.126632690429688, 99.62811279296875, 29.424560546875)",1,3.3011932373046875,1,"(-86.83914947509766, -157.59323120117188, 759.4173583984375)",1,"(0.5503054857254028, 0.6619049310684204)","(28.916379928588867, 109.14720916748047, 32.889278411865234)",1,3.7060089111328125,1,"(-24.952417373657227, -173.87234497070312, 767.4292602539062)",1
6161945915,6123777811,"(nan, nan)","(nan, nan, nan)",0,nan,0,"(nan, nan, nan)",0,"(0.5521425008773804, 0.6659477353096008)","(29.932804107666016, 107.96485900878906, 32.45893478393555)",1,3.7039031982421875,1,"(-24.95196533203125, -173.88226318359375, 767.4439697265625)",1
6161962555,6123794451,"(0.5179562568664551, 0.6682004928588867)","(11.01754379272461, 107.30603790283203, 32.219112396240234)",1,3.3108062744140625,1,"(-86.88449096679688, -157.7101287841797, 759.60009765625)",1,"(nan, nan)","(nan, nan, nan)",0,nan,0,"(nan, nan, nan)",0
6161978597,6123810493,"(0.4020375907421112, 0.7515702247619629)","(-53.12026596069336, 82.92357635498047, 23.344573974609375)",1,3.357513427734375,1,"(-87.23991394042969, -157.7294921875, 759.4271240234375)",1,"(0.4182155132293701, 0.7350707650184631)","(-44.16901397705078, 87.7490005493164, 25.10095977783203)",1,3.768463134765625,1,"(-25.47341537475586, -174.08221435546875, 767.5153198242188)",1
6161995835,6123827731,"(nan, nan)","(nan, nan, nan)",0,nan,0,"(nan, nan, nan)",0,"(0.40717387199401855, 0.7324144244194031)","(-50.278377532958984, 88.52588653564453, 25.38372039794922)",1,3.746856689453125,1,"(-25.53226089477539, -174.06903076171875, 767.4298706054688)",1
6162012475,6123844371,"(0.30821141600608826, 0.7555961012840271)","(-105.0343246459961, 81.74614715576172, 22.916118621826172)",1,3.3021392822265625,1,"(-87.60453796386719, -157.8702392578125, 759.87939453125)",1,"(nan, nan)","(nan, nan, nan)",0,nan,0,"(nan, nan, nan)",0
6162028517,6123860413,"(0.29833704233169556, 0.7579666972160339)","(-110.49781799316406, 81.05282592773438, 22.66375160217285)",1,3.2642669677734375,1,"(-87.46940612792969, -157.63429260253906, 758.6168212890625)",1,"(0.3185044527053833, 0.7555057406425476)","(-99.33917999267578, 81.77255249023438, 22.92569351196289)",1,3.7589263916015625,1,"(-25.777528762817383, -174.00045776367188, 766.682861328125)",1
6162045755,6123877651,"(nan, nan)","(nan, nan, nan)",0,nan,0,"(nan, nan, nan)",0,"(0.31722328066825867, 0.7598177194595337)","(-100.0480728149414, 80.51148986816406, 22.466697692871094)",1,3.767913818359375,1,"(-25.773292541503906, -174.00949096679688, 766.7078857421875)",1
6162062395,6123894291,"(0.30380314588546753, 0.8088374733924866)","(-107.47341918945312, 66.17507934570312, 17.248703002929688)",1,3.34942626953125,1,"(-87.4859390258789, -157.6752471923828, 758.7527465820312)",1,"(nan, nan)","(nan, nan, nan)",0,nan,0,"(nan, nan, nan)",0
6162078437,6123910333,"(0.30329135060310364, 0.7975574731826782)","(-107.75659942626953, 69.47404479980469, 18.449384689331055)",1,3.351959228515625,1,"(-87.53871154785156, -157.7701416015625, 759.097900390625)",1,"(0.3070838451385498, 0.7628164291381836)","(-105.65818786621094, 79.63446044921875, 22.147563934326172)",1,3.7538299560546875,1,"(-25.73723030090332, -174.16053771972656, 767.2112426757812)",1
6162095675,6123927571,"(nan, nan)","(nan, nan, nan)",0,nan,0,"(nan, nan, nan)",0,"(0.3086695075035095, 0.7676005959510803)","(-104.7808609008789, 78.23529052734375, 21.638301849365234)",1,3.7553558349609375,1,"(-25.74128532409668, -174.1675567626953, 767.2435302734375)",1
6162112315,6123944211,"(0.30883169174194336, 0.7749642729759216)","(-104.69110870361328, 76.08170318603516, 20.854427337646484)",1,3.2986297607421875,1,"(-87.62029266357422, -157.83706665039062, 759.3063354492188)",1,"(nan, nan)","(nan, nan, nan)",0,nan,0,"(nan, nan, nan)",0
6162128357,6123960253,"(0.3031800091266632, 0.7760981321334839)","(-107.81819152832031, 75.75010681152344, 20.733694076538086)",1,3.294830322265625,1,"(-87.66678619384766, -157.8290252685547, 759.1707153320312)",1,"(0.30287644267082214, 0.767079770565033)","(-107.98613739013672, 78.3875961303711, 21.693693161010742)",1,3.7618560791015625,1,"(-25.814748764038086, -174.2053985595703, 767.3089599609375)",1
6162145595,6123977492,"(nan, nan)","(nan, nan, nan)",0,nan,0,"(nan, nan, nan)",0,"(0.29989030957221985, 0.7291954755783081)","(-109.63837432861328, 89.46733093261719, 25.72638511657715)",1,3.6473541259765625,1,"(-25.81903648376465, -174.19931030273438, 767.2758178710938)",1
6162162235,6123994132,"(0.30110588669776917, 0.7592624425888062)","(-108.96580505371094, 80.6738510131836, 22.525848388671875)",1,3.2307891845703125,1,"(-87.63809967041016, -157.69822692871094, 758.4229736328125)",1,"(nan, nan)","(nan, nan, nan)",0,nan,0,"(nan, nan, nan)",0
6162178277,6124010174,"(0.3067375719547272, 0.7587445378303528)","(-105.84979248046875, 80.82532501220703, 22.58095359802246)",1,3.2323150634765625,1,"(-87.55078887939453, -157.49497985839844, 757.3109741210938)",1,"(0.3012354373931885, 0.7580792307853699)","(-108.89410400390625, 81.01991271972656, 22.651809692382812)",1,3.7188873291015625,1,"(-25.818653106689453, -173.7928009033203, 765.4466552734375)",1
6162195515,6124027412,"(nan, nan)","(nan, nan, nan)",0,nan,0,"(nan, nan, nan)",0,"(0.30210816860198975, 0.7527554035186768)","(-108.41123962402344, 82.57693481445312, 23.218521118164062)",1,3.7103118896484375,1,"(-25.81589126586914, -173.76734924316406, 765.330322265625)",1
6162212155,6124044052,"(nan, nan)","(nan, nan, nan)",0,nan,0,"(nan, nan, nan)",0,"(nan, nan)","(nan, nan, nan)",0,nan,0,"(nan, nan, nan)",0
6162228197,6124060094,"(0.30735674500465393, 0.7617987990379333)","(-105.5072021484375, 79.93208312988281, 22.255859375)",1,3.270904541015625,1,"(-87.36062622070312, -157.11436462402344, 755.3637084960938)",1,"(0.3039369583129883, 0.7667449116706848)","(-107.3993911743164, 78.48552703857422, 21.72938346862793)",1,3.7098541259765625,1,"(-25.787691116333008, -173.33766174316406, 763.4754638671875)",1
6162245435,6124077332,"(nan, nan)","(nan, nan, nan)",0,nan,0,"(nan, nan, nan)",0,"(0.30218660831451416, 0.7741652131080627)","(-108.3678207397461, 76.31534576416016, 20.939512252807617)",1,3.7097320556640625,1,"(-25.785287857055664, -173.32449340820312, 763.4239501953125)",1
6162262075,6124093972,"(nan, nan)","(nan, nan, nan)",0,nan,0,"(nan, nan, nan)",0,"(nan, nan)","(nan, nan, nan)",0,nan,0,"(nan, nan, nan)",0
6162278117,6124110014,"(0.3040838837623596, 0.7845953702926636)","(-107.31806945800781, 73.26495361328125, 19.8292236328125)",1,3.2650299072265625,1,"(-87.38088989257812, -157.0774383544922, 755.0390014648438)",1,"(0.30699190497398376, 0.7575755715370178)","(-105.70907592773438, 81.16722106933594, 22.70538330078125)",1,3.666717529296875,1,"(-25.849285125732422, -173.2727508544922, 763.1071166992188)",1
6162295355,6124127252,"(nan, nan)","(nan, nan, nan)",0,nan,0,"(nan, nan, nan)",0,"(0.30917516350746155, 0.755453884601593)","(-104.50109100341797, 81.7877426147461, 22.931238174438477)",1,3.6836090087890625,1,"(-25.85028648376465, -173.2794952392578, 763.1259155273438)",1
6162311995,6124143892,"(nan, nan)","(nan, nan, nan)",0,nan,0,"(nan, nan, nan)",0,"(nan, nan)","(nan, nan, nan)",0,nan,0,"(nan, nan, nan)",0
6162328037,6124159934,"(0.30374792218208313, 0.7738865613937378)","(-107.50396728515625, 76.39688110351562, 20.96917724609375)",1,3.2548675537109375,1,"(-87.51946258544922, -157.2144775390625, 755.7275390625)",1,"(0.30826881527900696, 0.7611985206604004)","(-105.00257873535156, 80.10765075683594, 22.319786071777344)",1,3.6942596435546875,1,"(-25.919057846069336, -173.45242309570312, 763.8161010742188)",1
6162345275,6124177172,"(nan, nan)","(nan, nan, nan)",0,nan,0,"(nan, nan, nan)",0,"(0.31724634766578674, 0.7188469767570496)","(-100.0353012084961, 92.49385070800781, 26.827983856201172)",1,3.666351318359375,1,"(-25.939517974853516, -173.41465759277344, 763.8606567382812)",1
6162361915,6124193812,"(nan, nan)","(nan, nan, nan)",0,nan,0,"(nan, nan, nan)",0,"(nan, nan)","(nan, nan, nan)",0,nan,0,"(nan, nan, nan)",0
6162377957,6124209854,"(0.31440985202789307, 0.28799545764923096)","(-101.60472106933594, 218.50146484375, 72.69097900390625)",1,3.2970428466796875,1,"(-87.33586883544922, -156.36178588867188, 755.3759765625)",1,"(0.34617578983306885, 0.2656508982181549)","(-84.02861785888672, 225.0364227294922, 75.0694351196289)",1,3.714630126953125,1,"(-26.077505111694336, -172.40093994140625, 763.4535522460938)",1
6162395195,6124227092,"(nan, nan)","(nan, nan, nan)",0,nan,0,"(nan, nan, nan)",0,"(0.34613412618637085, 0.2695762813091278)","(-84.0516586303711, 223.88839721679688, 74.6515884399414)",1,3.71209716796875,1,"(-26.078880310058594, -172.4160919189453, 763.43701171875)",1
6162411835,6124243732,"(nan, nan)","(nan, nan, nan)",0,nan,0,"(nan, nan, nan)",0,"(nan, nan)","(nan, nan, nan)",0,nan,0,"(nan, nan, nan)",0
6162427877,6124259774,"(0.3202234208583832, 0.29948511719703674)","(-98.3880615234375, 215.14117431640625, 71.46795654296875)",1,3.3069915771484375,1,"(-87.5017318725586, -156.42779541015625, 755.291259765625)",1,"(0.3421007990837097, 0.24216875433921814)","(-86.28330993652344, 231.9040069580078, 77.56913757324219)",1,3.67596435546875,1,"(-26.11107635498047, -172.46771240234375, 763.3601684570312)",1
6162445115,6124277012,"(nan, nan)","(nan, nan, nan)",0,nan,0,"(nan, nan, nan)",0,"(0.34530916810035706, 0.2424307018518448)","(-84.50813293457031, 231.82742309570312, 77.541259765625)",1,3.682952880859375,1,"(-26.114253997802734, -172.48023986816406, 763.3872680664062)",1
6162461755,6124293653,"(nan, nan)","(nan, nan, nan)",0,nan,0,"(nan, nan, nan)",0,"(nan, nan)","(nan, nan, nan)",0,nan,0,"(nan, nan, nan)",0
6162477797,6124309695,"(0.3206811547279358, 0.30054694414138794)","(-98.13480377197266, 214.83062744140625, 71.35491943359375)",1,3.3029937744140625,1,"(-87.65076446533203, -156.54684448242188, 755.8125610351562)",1,"(0.3429490923881531, 0.23243921995162964)","(-85.81393432617188, 234.74952697753906, 78.60476684570312)",1,3.6858062744140625,1,"(-26.13668441772461, -172.62075805664062, 763.8546752929688)",1
6162495035,6124326933,"(nan, nan)","(nan, nan, nan)",0,nan,0,"(nan, nan, nan)",0,"(0.34550029039382935, 0.23778218030929565)","(-84.4023666381836, 233.18695068359375, 78.0360336303711)",1,3.6809539794921875,1,"(-26.136184692382812, -172.6361541748047, 763.9185180664062)",1
6162511675,6124343573,"(nan, nan)","(nan, nan, nan)",0,nan,0,"(nan, nan, nan)",0,"(0.34279435873031616, 0.22986161708831787)","(-85.89956665039062, 235.50338745117188, 78.87921142578125)",1,3.6902923583984375,1,"(-26.12580108642578, -172.69058227539062, 764.2261352539062)",1
6162527717,6124359615,"(0.3226325213909149, 0.29134702682495117)","(-97.05513000488281, 217.5212860107422, 72.33416748046875)",1,3.306549072265625,1,"(-87.69866180419922, -156.61196899414062, 756.2230224609375)",1,"(0.33609363436698914, 0.2319343090057373)","(-89.6070785522461, 234.89720153808594, 78.65856170654297)",1,3.700714111328125,1,"(-26.119977951049805, -172.7006378173828, 764.281005859375)",1
6162544955,6124376853,"(nan, nan)","(nan, nan, nan)",0,nan,0,"(nan, nan, nan)",0,"(0.3418411910533905, 0.23459094762802124)","(-86.42695617675781, 234.1202392578125, 78.3757553100586)",1,3.653564453125,1,"(-26.12122344970703, -172.70472717285156, 764.3157348632812)",1
6162561595,6124393493,"(0.32310134172439575, 0.27466878294944763)","(-96.79570770263672, 222.39901733398438, 74.10955810546875)",1,3.2800750732421875,1,"(-87.73929595947266, -156.67205810546875, 756.477294921875)",1,"(0.3355434536933899, 0.24905836582183838)","(-89.91146850585938, 229.88906860351562, 76.8357162475586)",1,3.7032318115234375,1,"(-26.123489379882812, -172.75115966796875, 764.5452880859375)",1
6162577637,6124409535,"(0.320591002702713, 0.26775994896888733)","(-98.1846694946289, 224.41957092285156, 74.84503173828125)",1,3.28271484375,1,"(-87.75843048095703, -156.67056274414062, 756.4254150390625)",1,"(0.3352392911911011, 0.23816534876823425)","(-90.07975769042969, 233.07485961914062, 77.99523162841797)",1,3.6957855224609375,1,"(-26.133512496948242, -172.75843811035156, 764.5093383789062)",1
6162594875,6124426773,"(nan, nan)","(nan, nan, nan)",0,nan,0,"(nan, nan, nan)",0,"(0.33967506885528564, 0.22720782458782196)","(-87.62545776367188, 236.27951049804688, 79.16165161132812)",1,3.634979248046875,1,"(-26.138622283935547, -172.74935913085938, 764.4798583984375)",1
6162611515,6124443413,"(0.32274365425109863, 0.2977473735809326)","(-96.99362182617188, 215.64939880371094, 71.65291595458984)",1,3.3727874755859375,1,"(-87.79771423339844, -156.66217041015625, 756.4000854492188)",1,"(nan, nan)","(nan, nan, nan)",0,nan,0,"(nan, nan, nan)",0
6162627557,6124459455,"(0.36598294973373413, 0.27204984426498413)","(-73.0693130493164, 223.16493225097656, 74.38835144042969)",1,3.3267974853515625,1,"(-87.71349334716797, -156.68304443359375, 756.8375854492188)",1,"(0.39547786116600037, 0.22930172085762024)","(-56.749786376953125, 235.6671142578125, 78.93887329101562)",1,3.6608428955078125,1,"(-26.02134132385254, -172.74989318847656, 764.9138793945312)",1
6162644795,6124476693,"(nan, nan)","(nan, nan, nan)",0,nan,0,"(nan, nan, nan)",0,"(0.4117346704006195, 0.20929713547229767)","(-47.75486373901367, 241.51768493652344, 81.06830596923828)",1,3.6053924560546875,1,"(-25.939851760864258, -172.7235107421875, 764.8507080078125)",1
6162661435,6124493333,"(0.5018212795257568, 0.26267698407173157)","(2.0900795459747314, 225.90615844726562, 75.3860092163086)",1,3.2941436767578125,1,"(-87.15879821777344, -156.64451599121094, 756.3632202148438)",1,"(nan, nan)","(nan, nan, nan)",0,nan,0,"(nan, nan, nan)",0
6162677477,6124509375,"(0.5056282877922058, 0.2648361027240753)","(4.196478843688965, 225.27468872070312, 75.15623474121094)",1,3.280609130859375,1,"(-87.21450805664062, -156.72592163085938, 756.6279296875)",1,"(0.5241871476173401, 0.22690646350383759)","(14.465099334716797, 236.36764526367188, 79.19375610351562)",1,3.6180419921875,1,"(-25.53166389465332, -172.76266479492188, 764.7388916015625)",1
6162694715,6124526613,"(nan, nan)","(nan, nan, nan)",0,nan,0,"(nan, nan, nan)",0,"(0.5327621698379517, 0.2358352541923523)","(19.209640502929688, 233.75633239746094, 78.24331665039062)",1,3.6294708251953125,1,"(-25.529722213745117, -172.74729919433594, 764.6434326171875)",1
6162711355,6124543253,"(nan, nan)","(nan, nan, nan)",0,nan,0,"(nan, nan, nan)",0,"(nan, nan)","(nan, nan, nan)",0,nan,0,"(nan, nan, nan)",0
6162727397,6124559295,"(0.4948906898498535, 0.27420541644096375)","(-1.7446365356445312, 222.53453063964844, 74.15886688232422)",1,3.2755584716796875,1,"(-87.22399139404297, -156.6773223876953, 756.2914428710938)",1,"(0.5305553078651428, 0.19684723019599915)","(17.98863983154297, 245.15882873535156, 82.3934555053711)",1,3.54815673828125,1,"(-25.528091430664062, -172.72450256347656, 764.3119506835938)",1
6162744635,6124576533,"(nan, nan)","(nan, nan, nan)",0,nan,0,"(nan, nan, nan)",0,"(0.5268296599388123, 0.20137639343738556)","(15.92721939086914, 243.83424377441406, 81.91134643554688)",1,3.5634002685546875,1,"(-25.531156539916992, -172.7213134765625, 764.2894287109375)",1
6162761275,6124593174,"(nan, nan)","(nan, nan, nan)",0,nan,0,"(nan, nan, nan)",0,"(nan, nan)","(nan, nan, nan)",0,nan,0,"(nan, nan, nan)",0
6162777317,6124609216,"(0.4947267174720764, 0.26724210381507874)","(-1.8353500366210938, 224.571044921875, 74.90007781982422)",1,3.260711669921875,1,"(-87.25503540039062, -156.58428955078125, 755.7158203125)",1,"(0.5408010482788086, 0.23889130353927612)","(23.65753936767578, 232.86256408691406, 77.91803741455078)",1,3.61474609375,1,"(-25.5911922454834, -172.60617065429688, 763.7562866210938)",1
6162794555,6124626454,"(nan, nan)","(nan, nan, nan)",0,nan,0,"(nan, nan, nan)",0,"(0.5271311402320862, 0.21548521518707275)","(16.094011306762695, 239.7079315185547, 80.4095458984375)",1,3.563140869140625,1,"(-25.595251083374023, -172.6068572998047, 763.7763671875)",1
6162811195,6124643094,"(0.5000973343849182, 0.25736328959465027)","(1.1361963748931885, 227.46018981933594, 75.95174407958984)",1,3.2867584228515625,1,"(-87.37483978271484, -156.66697692871094, 756.1513671875)",1,"(nan, nan)","(nan, nan, nan)",0,nan,0,"(nan, nan, nan)",0
6162827237,6124659136,"(0.5027260184288025, 0.27053210139274597)","(2.5906286239624023, 223.60882568359375, 74.54994201660156)",1,3.2891998291015625,1,"(-87.52880096435547, -156.81814575195312, 756.9909057617188)",1,"(0.5231307148933411, 0.20308540761470795)","(13.880579948425293, 243.33444213867188, 81.7293701171875)",1,3.54656982421875,1,"(-25.70741081237793, -172.85890197753906, 765.0407104492188)",1
6162844475,6124676374,"(nan, nan)","(nan, nan, nan)",0,nan,0,"(nan, nan, nan)",0,"(0.5221613645553589, 0.19915646314620972)","(13.34426212310791, 244.48348999023438, 82.14759826660156)",1,3.540435791015625,1,"(-25.715469360351562, -172.86181640625, 765.09228515625)",1
6162861115,6124693014,"(0.5065793991088867, 0.2735820710659027)","(4.722721099853516, 222.716796875, 74.22528839111328)",1,3.3341064453125,1,"(-87.60687255859375, -156.85488891601562, 757.2130737304688)",1,"(nan, nan)","(nan, nan, nan)",0,nan,0,"(nan, nan, nan)",0
6162877157,6124709056,"(0.5730262398719788, 0.4279327988624573)","(41.487762451171875, 177.57513427734375, 57.79503631591797)",1,3.320220947265625,1,"(-87.32966613769531, -157.16006469726562, 757.0865478515625)",1,"(0.612152099609375, 0.4335847795009613)","(63.13611602783203, 175.92213439941406, 57.19342041015625)",1,3.6273040771484375,1,"(-25.593795776367188, -173.1079864501953, 765.1054077148438)",1
6162894395,6124726294,"(nan, nan)","(nan, nan, nan)",0,nan,0,"(nan, nan, nan)",0,"(nan, nan)","(nan, nan, nan)",0,nan,0,"(nan, nan, nan)",0
6162911035,6124742934,"(0.698634922504425, 0.8429573178291321)","(110.9870834350586, 56.19630813598633, 13.616740226745605)",1,3.17828369140625,1,"(-86.90937042236328, -157.94993591308594, 757.7313842773438)",1,"(nan, nan)","(nan, nan, nan)",0,nan,0,"(nan, nan, nan)",0
6162927077,6124758976,"(0.6809883713722229, 0.9477410316467285)","(101.22325134277344, 25.551118850708008, 2.4627716541290283)",1,3.2502288818359375,1,"(-87.1834716796875, -158.27767944335938, 759.2445068359375)",1,"(0.7049736380577087, 0.9777600765228271)","(114.49430847167969, 16.77165985107422, -0.7326589226722717)",1,3.6833038330078125,1,"(-25.38838768005371, -174.2443389892578, 767.1996459960938)",1
6162944315,6124776214,"(nan, nan)","(nan, nan, nan)",0,nan,0,"(nan, nan, nan)",0,"(0.7119988799095154, 0.9677057862281799)","(118.38134765625, 19.712156295776367, 0.3375958204269409)",1,3.6721649169921875,1,"(-25.38027572631836, -174.22703552246094, 767.108154296875)",1
6162960955,6124792854,"(nan, nan)","(nan, nan, nan)",0,nan,0,"(nan, nan, nan)",0,"(nan, nan)","(nan, nan, nan)",0,nan,0,"(nan, nan, nan)",0
6162976997,6124808896,"(0.6962659955024719, 0.9553177952766418)","(109.6763687133789, 23.335161209106445, 1.65631103515625)",1,3.234161376953125,1,"(-87.08235931396484, -157.94500732421875, 757.5870971679688)",1,"(0.7108071446418762, 0.9908904433250427)","(117.72200775146484, 12.93154239654541, -2.1304092407226562)",1,3.6464385986328125,1,"(-25.280269622802734, -173.93138122558594, 765.5680541992188)",1
6162994235,6124826134,"(nan, nan)","(nan, nan, nan)",0,nan,0,"(nan, nan, nan)",0,"(nan, nan)","(nan, nan, nan)",0,nan,0,"(nan, nan, nan)",0
6163010875,6124842774,"(nan, nan)","(nan, nan, nan)",0,nan,0,"(nan, nan, nan)",0,"(nan, nan)","(nan, nan, nan)",0,nan,0,"(nan, nan, nan)",0
6163026917,6124858816,"(0.6801232099533081, 0.9366831183433533)","(100.74456024169922, 28.78509521484375, 3.639892578125)",1,3.266876220703125,1,"(-87.18946838378906, -158.03219604492188, 757.619873046875)",1,"(0.7075515389442444, 0.959365963935852)","(115.9206771850586, 22.151233673095703, 1.2253504991531372)",1,3.7020721435546875,1,"(-25.32256507873535, -173.9866943359375, 765.6091918945312)",1
6163044155,6124876054,"(nan, nan)","(nan, nan, nan)",0,nan,0,"(nan, nan, nan)",0,"(0.7077683210372925, 0.9497891664505005)","(116.04063415527344, 24.95210075378418, 2.2447783946990967)",1,3.6973114013671875,1,"(-25.325944900512695, -173.97866821289062, 765.5579833984375)",1
6163060795,6124892694,"(nan, nan)","(nan, nan, nan)",0,nan,0,"(nan, nan, nan)",0,"(nan, nan)","(nan, nan, nan)",0,nan,0,"(nan, nan, nan)",0
6163076837,6124908737,"(0.6853676438331604, 0.9452875852584839)","(103.64629364013672, 26.268632888793945, 2.72393798828125)",1,3.296417236328125,1,"(-87.17003631591797, -157.76319885253906, 756.2472534179688)",1,"(0.710771381855011, 0.9725180864334106)","(117.70218658447266, 18.30472183227539, -0.17468616366386414)",1,3.676849365234375,1,"(-25.359209060668945, -173.71055603027344, 764.2549438476562)",1
6163094075,6124925975,"(nan, nan)","(nan, nan, nan)",0,nan,0,"(nan, nan, nan)",0,"(nan, nan)","(nan, nan, nan)",0,nan,0,"(nan, nan, nan)",0
6163110715,6124942615,"(nan, nan)","(nan, nan, nan)",0,nan,0,"(nan, nan, nan)",0,"(nan, nan)","(nan, nan, nan)",0,nan,0,"(nan, nan, nan)",0
6163126757,6124958657,"(0.5007103681564331, 0.5091962814331055)","(1.4753875732421875, 153.80865478515625, 49.144775390625)",1,3.3557281494140625,1,"(-87.83241271972656, -157.20046997070312, 756.8154907226562)",1,"(0.5321619510650635, 0.5005555152893066)","(18.877553939819336, 156.3357696533203, 50.06451416015625)",1,3.67974853515625,1,"(-26.25966453552246, -173.0534210205078, 764.8616943359375)",1
6163143995,6124975895,"(nan, nan)","(nan, nan, nan)",0,nan,0,"(nan, nan, nan)",0,"(0.5271328091621399, 0.50391685962677)","(16.094907760620117, 155.35272216796875, 49.70671844482422)",1,3.69757080078125,1,"(-26.259504318237305, -173.0535125732422, 764.8257446289062)",1
6163160635,6124992535,"(nan, nan)","(nan, nan, nan)",0,nan,0,"(nan, nan, nan)",0,"(nan, nan)","(nan, nan, nan)",0,nan,0,"(nan, nan, nan)",0
6163176677,6125008577,"(0.5080174803733826, 0.5290820002555847)","(5.5184478759765625, 147.9928436279297, 47.02801513671875)",1,3.394683837890625,1,"(-88.22049713134766, -157.42088317871094, 757.6180419921875)",1,"(0.5374729633331299, 0.4968458414077759)","(21.81612777709961, 157.4207305908203, 50.4593505859375)",1,3.718597412109375,1,"(-26.387683868408203, -173.2536163330078, 765.6972045898438)",1
6163193915,6125025815,"(nan, nan)","(nan, nan, nan)",0,nan,0,"(nan, nan, nan)",0,"(nan, nan)","(nan, nan, nan)",0,nan,0,"(nan, nan, nan)",0
6163210555,6125042455,"(nan, nan)","(nan, nan, nan)",0,nan,0,"(nan, nan, nan)",0,"(nan, nan)","(nan, nan, nan)",0,nan,0,"(nan, nan, nan)",0
6163226597,6125058497,"(0.5183154940605164, 0.5303474068641663)","(11.216323852539062, 147.62278747558594, 46.89324951171875)",1,3.3771820068359375,1,"(-88.456787109375, -157.4878692626953, 757.9899291992188)",1,"(0.5319386124610901, 0.4981100261211395)","(18.753990173339844, 157.05101013183594, 50.32476043701172)",1,3.7369842529296875,1,"(-26.485637664794922, -173.3515167236328, 766.0665283203125)",1
6163243835,6125075735,"(nan, nan)","(nan, nan, nan)",0,nan,0,"(nan, nan, nan)",0,"(0.5271404385566711, 0.49032801389694214)","(16.099178314208984, 159.32693481445312, 51.15312194824219)",1,3.7166900634765625,1,"(-26.489788055419922, -173.3667449951172, 766.1326293945312)",1
6163260475,6125092375,"(nan, nan)","(nan, nan, nan)",0,nan,0,"(nan, nan, nan)",0,"(nan, nan)","(nan, nan, nan)",0,nan,0,"(nan, nan, nan)",0
6163276517,6125108417,"(0.5085772275924683, 0.5373192429542542)","(5.8281097412109375, 145.5837860107422, 46.151119232177734)",1,3.401763916015625,1,"(-88.6727066040039, -157.75682067871094, 759.2181396484375)",1,"(0.5324791669845581, 0.5060412287712097)","(19.053064346313477, 154.73143005371094, 49.48052978515625)",1,3.765899658203125,1,"(-26.57389259338379, -173.67076110839844, 767.3226318359375)",1
6163293755,6125125655,"(nan, nan)","(nan, nan, nan)",0,nan,0,"(nan, nan, nan)",0,"(0.5316566824913025, 0.5039652585983276)","(18.59798240661621, 155.3385772705078, 49.701515197753906)",1,3.7652740478515625,1,"(-26.575912475585938, -173.67860412597656, 767.3458862304688)",1
6163310395,6125142295,"(nan, nan)","(nan, nan, nan)",0,nan,0,"(nan, nan, nan)",0,"(nan, nan)","(nan, nan, nan)",0,nan,0,"(nan, nan, nan)",0
6163326437,6125158337,"(0.5159881114959717, 0.5316101312637329)","(9.928596496582031, 147.25347900390625, 46.75885009765625)",1,3.3829193115234375,1,"(-88.81938171386719, -157.84014892578125, 759.5496215820312)",1,"(0.5343248844146729, 0.4866389036178589)","(20.07431983947754, 160.40586853027344, 51.54588317871094)",1,3.7590179443359375,1,"(-26.637414932250977, -173.7461395263672, 767.67919921875)",1
6163343675,6125175575,"(nan, nan)","(nan, nan, nan)",0,nan,0,"(nan, nan, nan)",0,"(0.5315856337547302, 0.47955960035324097)","(18.558679580688477, 162.47630310058594, 52.29947280883789)",1,3.7303619384765625,1,"(-26.639652252197266, -173.75929260253906, 767.7268676757812)",1
6163360315,6125192215,"(0.5180826187133789, 0.5288881659507751)","(11.087478637695312, 148.04957580566406, 47.048561096191406)",1,3.4137725830078125,1,"(-88.8746109008789, -157.95034790039062, 759.9899291992188)",1,"(nan, nan)","(nan, nan, nan)",0,nan,0,"(nan, nan, nan)",0
6163376357,6125208258,"(0.5155853033065796, 0.5130579471588135)","(9.70571231842041, 152.67929077148438, 48.733673095703125)",1,3.3932647705078125,1,"(-88.86234283447266, -157.96249389648438, 760.0318603515625)",1,"(0.5244971513748169, 0.47023558616638184)","(14.63659381866455, 165.20318603515625, 53.29201889038086)",1,3.7332000732421875,1,"(-26.622541427612305, -173.8607635498047, 768.1311645507812)",1
6163393595,6125225496,"(nan, nan)","(nan, nan, nan)",0,nan,0,"(nan, nan, nan)",0,"(0.5290075540542603, 0.5027395486831665)","(17.132247924804688, 155.69700622558594, 49.8320426940918)",1,3.8023681640625,1,"(-26.61533546447754, -173.85308837890625, 768.0913696289062)",1
6163410235,6125242136,"(nan, nan)","(nan, nan, nan)",0,nan,0,"(nan, nan, nan)",0,"(nan, nan)","(nan, nan, nan)",0,nan,0,"(nan, nan, nan)",0
6163426277,6125258178,"(0.5104053616523743, 0.539098858833313)","(6.839622497558594, 145.06332397460938, 45.961669921875)",1,3.4141693115234375,1,"(-88.78602600097656, -158.03506469726562, 760.4019165039062)",1,"(0.5312970280647278, 0.4663902223110199)","(18.39898109436035, 166.3278045654297, 53.70130157470703)",1,3.726409912109375,1,"(-26.517309188842773, -173.98849487304688, 768.5074462890625)",1
6163443515,6125275416,"(nan, nan)","(nan, nan, nan)",0,nan,0,"(nan, nan, nan)",0,"(0.5333816409111023, 0.4661053419113159)","(19.552377700805664, 166.4111328125, 53.731632232666016)",1,3.7181549072265625,1,"(-26.516559600830078, -173.998046875, 768.5407104492188)",1
6163460155,6125292056,"(0.5132207870483398, 0.5149480700492859)","(8.397414207458496, 152.1265106201172, 48.53249740600586)",1,3.414794921875,1,"(-88.74357604980469, -158.10487365722656, 760.5425415039062)",1,"(nan, nan)","(nan, nan, nan)",0,nan,0,"(nan, nan, nan)",0
6163476197,6125308098,"(0.5115134716033936, 0.5016216039657593)","(7.452759265899658, 156.02401733398438, 49.95098114013672)",1,3.4135284423828125,1,"(-88.63751983642578, -158.07806396484375, 760.1119384765625)",1,"(0.5312990546226501, 0.4603894352912903)","(18.400114059448242, 168.08282470703125, 54.34006118774414)",1,3.7274017333984375,1,"(-26.38565444946289, -174.09689331054688, 768.2064208984375)",1
6163493435,6125325337,"(nan, nan)","(nan, nan, nan)",0,nan,0,"(nan, nan, nan)",0,"(0.5296141505241394, 0.5074320435523987)","(17.467851638793945, 154.3246612548828, 49.332496643066406)",1,3.8579864501953125,1,"(-26.3712158203125, -174.09397888183594, 768.1428833007812)",1
6163510075,6125341977,"(0.507483720779419, 0.5176658630371094)","(5.223084449768066, 151.33163452148438, 48.24319839477539)",1,3.415252685546875,1,"(-88.48976135253906, -158.0657196044922, 759.8079223632812)",1,"(nan, nan)","(nan, nan, nan)",0,nan,0,"(nan, nan, nan)",0
6163526117,6125358019,"(0.5034478306770325, 0.5070690512657166)","(2.9900705814361572, 154.43081665039062, 49.371150970458984)",1,3.385772705078125,1,"(-88.46503448486328, -158.1808624267578, 760.289306640625)",1,"(0.5242248177528381, 0.4736183285713196)","(14.485950469970703, 164.21383666992188, 52.93193435668945)",1,3.776580810546875,1,"(-26.185386657714844, -174.28712463378906, 768.39013671875)",1
6163543355,6125375257,"(nan, nan)","(nan, nan, nan)",0,nan,0,"(nan, nan, nan)",0,"(0.5271009206771851, 0.4967179000377655)","(16.077316284179688, 157.45809936523438, 50.47305679321289)",1,3.8506622314453125,1,"(-26.173065185546875, -174.29600524902344, 768.3941650390625)",1
6163559995,6125391897,"(nan, nan)","(nan, nan, nan)",0,nan,0,"(nan, nan, nan)",0,"(nan, nan)","(nan, nan, nan)",0,nan,0,"(nan, nan, nan)",0
6163576037,6125407939,"(0.5068287253379822, 0.5194919109344482)","(4.860694885253906, 150.79757690429688, 48.048828125)",1,3.4559783935546875,1,"(-88.2296371459961, -158.2410888671875, 760.2655029296875)",1,"(0.5275965929031372, 0.484753280878067)","(16.351560592651367, 160.9573211669922, 51.746604919433594)",1,3.8574371337890625,1,"(-25.973657608032227, -174.41656494140625, 768.3433227539062)",1
6163593275,6125425177,"(nan, nan)","(nan, nan, nan)",0,nan,0,"(nan, nan, nan)",0,"(0.5307067036628723, 0.4868658781051636)","(18.07235336303711, 160.33946228027344, 51.521732330322266)",1,3.8580780029296875,1,"(-25.966711044311523, -174.42056274414062, 768.3414306640625)",1
6163609915,6125441817,"(nan, nan)","(nan, nan, nan)",0,nan,0,"(nan, nan, nan)",0,"(nan, nan)","(nan, nan, nan)",0,nan,0,"(nan, nan, nan)",0
6163625957,6125457860,"(0.51125568151474, 0.5225815773010254)","(7.310104846954346, 149.8939971923828, 47.7198486328125)",1,3.4552764892578125,1,"(-88.01573181152344, -158.1380157470703, 759.541748046875)",1,"(0.5283266305923462, 0.5045443773269653)","(16.755504608154297, 155.169189453125, 49.639923095703125)",1,3.8993682861328125,1,"(-25.81793212890625, -174.32630920410156, 767.6514282226562)",1
6163643195,6125475098,"(nan, nan)","(nan, nan, nan)",0,nan,0,"(nan, nan, nan)",0,"(0.52523273229599, 0.47173163294792175)","(15.04364013671875, 164.7656707763672, 53.13277053833008)",1,3.8143463134765625,1,"(-25.811880111694336, -174.32994079589844, 767.667236328125)",1
6163659835,6125491738,"(nan, nan)","(nan, nan, nan)",0,nan,0,"(nan, nan, nan)",0,"(nan, nan)","(nan, nan, nan)",0,nan,0,"(nan, nan, nan)",0
6163675877,6125507780,"(0.560268759727478, 0.47458121180534363)","(34.42909240722656, 163.93223571777344, 52.8294677734375)",1,3.4962005615234375,1,"(-87.80255889892578, -158.31541442871094, 760.5358276367188)",1,"(0.5975831747055054, 0.46513131260871887)","(55.075164794921875, 166.69601440429688, 53.83531188964844)",1,3.96270751953125,1,"(-25.598064422607422, -174.5060577392578, 768.5830688476562)",1
6163693115,6125525019,"(nan, nan)","(nan, nan, nan)",0,nan,0,"(nan, nan, nan)",0,"(0.5993223190307617, 0.4703390896320343)","(56.03742218017578, 165.17294311523438, 53.28095245361328)",1,3.9654083251953125,1,"(-25.597177505493164, -174.5484161376953, 768.7579345703125)",1
6163709755,6125541659,"(0.5558046102523804, 0.4666458070278168)","(31.959064483642578, 166.25306701660156, 53.67411422729492)",1,3.514678955078125,1,"(-87.90753173828125, -158.591552734375, 761.7802734375)",1,"(nan, nan)","(nan, nan, nan)",0,nan,0,"(nan, nan, nan)",0
6163725797,6125557701,"(0.5621469616889954, 0.45638981461524963)","(35.468318939208984, 169.2525634765625, 54.76580047607422)",1,3.5146636962890625,1,"(-87.90723419189453, -158.6405792236328, 762.0278930664062)",1,"(0.5934855341911316, 0.4652940034866333)","(52.80788803100586, 166.64840698242188, 53.818031311035156)",1,3.999908447265625,1,"(-25.53428840637207, -174.893798828125, 770.1325073242188)",1
6163743035,6125574939,"(nan, nan)","(nan, nan, nan)",0,nan,0,"(nan, nan, nan)",0,"(nan, nan)","(nan, nan, nan)",0,nan,0,"(nan, nan, nan)",0
6163759675,6125591579,"(nan, nan)","(nan, nan, nan)",0,nan,0,"(nan, nan, nan)",0,"(nan, nan)","(nan, nan, nan)",0,nan,0,"(nan, nan, nan)",0
6163775717,6125607622,"(0.5624749064445496, 0.4671589136123657)","(35.64971923828125, 166.10299682617188, 53.6195068359375)",1,3.5589752197265625,1,"(-87.83698272705078, -158.57321166992188, 761.4935913085938)",1,"(0.5847631692886353, 0.462696373462677)","(47.98183822631836, 167.40814208984375, 54.09450149536133)",1,4.017120361328125,1,"(-25.498056411743164, -174.84239196777344, 769.6307983398438)",1
6163792955,6125624860,"(nan, nan)","(nan, nan, nan)",0,nan,0,"(nan, nan, nan)",0,"(0.5905945301055908, 0.46197760105133057)","(51.20834732055664, 167.61834716796875, 54.17100524902344)",1,4.0098114013671875,1,"(-25.496973037719727, -174.83248901367188, 769.5806884765625)",1
6163809595,6125641500,"(nan, nan)","(nan, nan, nan)",0,nan,0,"(nan, nan, nan)",0,"(nan, nan)","(nan, nan, nan)",0,nan,0,"(nan, nan, nan)",0
6163825637,6125657542,"(0.562260091304779, 0.4690292179584503)","(35.5308837890625, 165.5559844970703, 53.42047119140625)",1,3.5476531982421875,1,"(-87.83856964111328, -158.52134704589844, 761.1027221679688)",1,"(0.5889499187469482, 0.44748973846435547)","(50.29835891723633, 171.85546875, 55.7132453918457)",1,4.0085906982421875,1,"(-25.536588668823242, -174.7570037841797, 769.1980590820312)",1
6163842875,6125674780,"(nan, nan)","(nan, nan, nan)",0,nan,0,"(nan, nan, nan)",0,"(0.5899587273597717, 0.43516919016838074)","(50.85652542114258, 175.45877075195312, 57.02473831176758)",1,4.0090179443359375,1,"(-25.53526496887207, -174.75341796875, 769.1866455078125)",1
6163859515,6125691420,"(0.5637277364730835, 0.46048983931541443)","(36.34291458129883, 168.05345153808594, 54.32941818237305)",1,3.5494537353515625,1,"(-87.83129119873047, -158.49765014648438, 761.1275634765625)",1,"(nan, nan)","(nan, nan, nan)",0,nan,0,"(nan, nan, nan)",0
6163875557,6125707462,"(0.5645219683647156, 0.46473467350006104)","(36.782352447509766, 166.81201171875, 53.87757110595703)",1,3.5422210693359375,1,"(-87.82396697998047, -158.44720458984375, 761.0508422851562)",1,"(0.5858160257339478, 0.46426090598106384)","(48.56434631347656, 166.95054626464844, 53.92799377441406)",1,4.02264404296875,1,"(-25.529558181762695, -174.71665954589844, 769.1467895507812)",1
6163892795,6125724700,"(nan, nan)","(nan, nan, nan)",0,nan,0,"(nan, nan, nan)",0,"(0.5857391953468323, 0.4633176624774933)","(48.521812438964844, 167.22642517089844, 54.02839660644531)",1,4.021575927734375,1,"(-25.52980613708496, -174.71058654785156, 769.1306762695312)",1
6163909435,6125741340,"(nan, nan)","(nan, nan, nan)",0,nan,0,"(nan, nan, nan)",0,"(nan, nan)","(nan, nan, nan)",0,nan,0,"(nan, nan, nan)",0
6163925477,6125757382,"(0.5616490244865417, 0.4728710353374481)","(35.19278335571289, 164.4324188232422, 53.011474609375)",1,3.5470123291015625,1,"(-87.93588256835938, -158.5338897705078, 761.4960327148438)",1,"(0.5956363081932068, 0.4534285068511963)","(53.997962951660156, 170.11862182617188, 55.0810432434082)",1,3.989471435546875,1,"(-25.621728897094727, -174.75308227539062, 769.5953369140625)",1
6163942715,6125774621,"(nan, nan)","(nan, nan, nan)",0,nan,0,"(nan, nan, nan)",0,"(0.5937372446060181, 0.4488559663295746)","(52.947200775146484, 171.45591735839844, 55.56777572631836)",1,3.986846923828125,1,"(-25.63545036315918, -174.77032470703125, 769.6776733398438)",1
6163959355,6125791261,"(nan, nan)","(nan, nan, nan)",0,nan,0,"(nan, nan, nan)",0,"(nan, nan)","(nan, nan, nan)",0,nan,0,"(nan, nan, nan)",0
6163975397,6125807303,"(0.5640655159950256, 0.4691334068775177)","(36.52981948852539, 165.52554321289062, 53.4093017578125)",1,3.5452117919921875,1,"(-88.13978576660156, -158.66265869140625, 762.2238159179688)",1,"(0.5876603126525879, 0.4480472803115845)","(49.58481216430664, 171.6924285888672, 55.65392303466797)",1,4.0112762451171875,1,"(-25.749624252319336, -174.88363647460938, 770.3926391601562)",1
